"ad_id","xyz_campaign_id","fb_campaign_id","age","gender","interest","impressions","clicks","spent","total_conversion","approved_conversion"
708746.0,916.0,103916.0,"30-34","M",15.0,7350.0,1.0,1.429999948,2.0,1.0
708749.0,916.0,103917.0,"30-34","M",16.0,17861.0,2.0,1.820000023,2.0,0.0
708771.0,916.0,103920.0,"30-34","M",20.0,693.0,0.0,0.0,1.0,0.0
708815.0,916.0,103928.0,"30-34","M",28.0,4259.0,1.0,1.25,1.0,0.0
708818.0,916.0,103928.0,"30-34","M",28.0,4133.0,1.0,1.289999962,1.0,1.0
708820.0,916.0,103929.0,"30-34","M",29.0,1915.0,0.0,0.0,1.0,1.0
708889.0,916.0,103940.0,"30-34","M",15.0,15615.0,3.0,4.769999981,1.0,0.0
708895.0,916.0,103941.0,"30-34","M",16.0,10951.0,1.0,1.269999981,1.0,1.0
708953.0,916.0,103951.0,"30-34","M",27.0,2355.0,1.0,1.5,1.0,0.0
708958.0,916.0,103952.0,"30-34","M",28.0,9502.0,3.0,3.159999967,1.0,0.0
708979.0,916.0,103955.0,"30-34","M",31.0,1224.0,0.0,0.0,1.0,0.0
709023.0,916.0,103962.0,"30-34","M",7.0,735.0,0.0,0.0,1.0,0.0
709038.0,916.0,103965.0,"30-34","M",16.0,5117.0,0.0,0.0,1.0,0.0
709040.0,916.0,103965.0,"30-34","M",16.0,5120.0,0.0,0.0,1.0,0.0
709059.0,916.0,103968.0,"30-34","M",20.0,14669.0,7.0,10.28000021,1.0,1.0
709105.0,916.0,103976.0,"30-34","M",28.0,1241.0,0.0,0.0,1.0,1.0
709115.0,916.0,103978.0,"30-34","M",30.0,2305.0,1.0,0.569999993,1.0,0.0
709124.0,916.0,103979.0,"30-34","M",31.0,1024.0,0.0,0.0,1.0,1.0
709179.0,916.0,103988.0,"35-39","M",15.0,4627.0,1.0,1.690000057,1.0,0.0
709183.0,916.0,103989.0,"35-39","M",16.0,21026.0,4.0,4.630000114,2.0,1.0
709320.0,916.0,104012.0,"35-39","M",15.0,1422.0,0.0,0.0,1.0,1.0
709323.0,916.0,104012.0,"35-39","M",15.0,7132.0,2.0,2.609999895,1.0,0.0
709326.0,916.0,104013.0,"35-39","M",16.0,12190.0,2.0,3.049999952,1.0,0.0
709327.0,916.0,104013.0,"35-39","M",16.0,12193.0,2.0,3.059999943,1.0,1.0
709328.0,916.0,104013.0,"35-39","M",16.0,3332.0,0.0,0.0,1.0,1.0
709455.0,916.0,104034.0,"35-39","M",7.0,559.0,0.0,0.0,1.0,0.0
709544.0,916.0,104049.0,"35-39","M",29.0,7440.0,2.0,2.980000019,1.0,1.0
709614.0,916.0,104061.0,"40-44","M",16.0,19113.0,4.0,5.5200001,1.0,0.0
709756.0,916.0,104085.0,"40-44","M",16.0,10976.0,2.0,1.690000057,1.0,1.0
709761.0,916.0,104085.0,"40-44","M",16.0,2861.0,0.0,0.0,1.0,0.0
709899.0,916.0,104108.0,"40-44","M",15.0,1398.0,0.0,0.0,1.0,1.0
709901.0,916.0,104109.0,"40-44","M",16.0,23817.0,7.0,8.470000148,1.0,1.0
710045.0,916.0,104133.0,"45-49","M",16.0,47224.0,12.0,15.82000017,1.0,0.0
710088.0,916.0,104140.0,"45-49","M",24.0,2283.0,1.0,1.470000029,1.0,0.0
710360.0,916.0,104185.0,"45-49","M",21.0,2182.0,1.0,1.529999971,1.0,1.0
710477.0,916.0,104205.0,"30-34","F",16.0,2654.0,0.0,0.0,1.0,1.0
710480.0,916.0,104205.0,"30-34","F",16.0,57665.0,14.0,18.06999969,1.0,1.0
710571.0,916.0,104220.0,"30-34","F",32.0,3091.0,1.0,1.610000014,1.0,1.0
710617.0,916.0,104228.0,"30-34","F",15.0,5014.0,1.0,1.190000057,1.0,0.0
710623.0,916.0,104229.0,"30-34","F",16.0,38726.0,7.0,9.220000267,1.0,0.0
710628.0,916.0,104230.0,"30-34","F",18.0,1473.0,0.0,0.0,1.0,0.0
710682.0,916.0,104239.0,"30-34","F",27.0,1186.0,0.0,0.0,1.0,0.0
710763.0,916.0,104252.0,"30-34","F",15.0,5369.0,1.0,1.50999999,1.0,0.0
710836.0,916.0,104265.0,"30-34","F",29.0,22221.0,7.0,9.430000067,1.0,1.0
710867.0,916.0,104270.0,"30-34","F",63.0,1185.0,0.0,0.0,1.0,0.0
710880.0,916.0,104272.0,"30-34","F",65.0,13019.0,5.0,6.960000038,1.0,0.0
710961.0,916.0,104285.0,"35-39","F",25.0,2508.0,1.0,1.220000029,1.0,0.0
710968.0,916.0,104287.0,"35-39","F",27.0,5864.0,2.0,2.799999952,1.0,1.0
711217.0,916.0,104328.0,"35-39","F",20.0,2783.0,1.0,1.600000024,1.0,0.0
711623.0,916.0,104396.0,"40-44","F",15.0,3812.0,1.0,1.129999995,2.0,1.0
711764.0,916.0,104419.0,"45-49","F",10.0,11199.0,4.0,5.730000019,1.0,1.0
711785.0,916.0,104423.0,"45-49","F",19.0,292.0,0.0,0.0,1.0,0.0
711877.0,916.0,104438.0,"45-49","F",63.0,17572.0,7.0,9.379999995,1.0,0.0
712052.0,916.0,104467.0,"45-49","F",10.0,1448.0,0.0,0.0,1.0,1.0
734209.0,936.0,108654.0,"30-34","M",10.0,1772.0,0.0,0.0,1.0,1.0
734210.0,936.0,108654.0,"30-34","M",10.0,13329.0,4.0,5.629999995,1.0,1.0
734215.0,936.0,108655.0,"30-34","M",15.0,13659.0,3.0,3.840000033,1.0,0.0
734243.0,936.0,108660.0,"30-34","M",21.0,739.0,0.0,0.0,1.0,1.0
734266.0,936.0,108664.0,"30-34","M",25.0,605.0,0.0,0.0,1.0,0.0
734272.0,936.0,108665.0,"30-34","M",26.0,1030.0,0.0,0.0,1.0,0.0
734290.0,936.0,108668.0,"30-34","M",29.0,5374.0,1.0,1.039999962,4.0,0.0
734313.0,936.0,108672.0,"30-34","M",36.0,790.0,0.0,0.0,1.0,1.0
734314.0,936.0,108672.0,"30-34","M",36.0,962.0,0.0,0.0,1.0,0.0
734352.0,936.0,108678.0,"35-39","M",10.0,4423.0,1.0,1.460000038,1.0,1.0
734361.0,936.0,108680.0,"35-39","M",16.0,12382.0,2.0,2.839999914,1.0,1.0
734381.0,936.0,108683.0,"35-39","M",20.0,2938.0,1.0,1.350000024,1.0,1.0
734399.0,936.0,108686.0,"35-39","M",23.0,239.0,0.0,0.0,1.0,0.0
734418.0,936.0,108689.0,"35-39","M",26.0,591.0,0.0,0.0,1.0,0.0
734421.0,936.0,108690.0,"35-39","M",27.0,10332.0,4.0,5.75,1.0,0.0
734427.0,936.0,108691.0,"35-39","M",28.0,8259.0,3.0,3.980000019,1.0,0.0
734433.0,936.0,108692.0,"35-39","M",29.0,12158.0,3.0,4.449999928,1.0,0.0
734582.0,936.0,108716.0,"40-44","M",29.0,7709.0,2.0,1.320000052,2.0,0.0
734605.0,936.0,108720.0,"40-44","M",36.0,834.0,0.0,0.0,1.0,0.0
734660.0,936.0,108729.0,"45-49","M",18.0,1299.0,0.0,0.0,2.0,0.0
734666.0,936.0,108730.0,"45-49","M",19.0,371.0,0.0,0.0,1.0,0.0
734726.0,936.0,108740.0,"45-49","M",29.0,10466.0,3.0,4.090000033,1.0,0.0
734737.0,936.0,108742.0,"45-49","M",31.0,839.0,0.0,0.0,1.0,0.0
734785.0,936.0,108750.0,"30-34","F",10.0,5576.0,1.0,1.529999971,1.0,1.0
734794.0,936.0,108752.0,"30-34","F",16.0,4010.0,0.0,0.0,1.0,0.0
734796.0,936.0,108752.0,"30-34","F",16.0,39337.0,7.0,10.03000009,1.0,1.0
734800.0,936.0,108753.0,"30-34","F",18.0,1635.0,0.0,0.0,1.0,0.0
734803.0,936.0,108753.0,"30-34","F",18.0,1631.0,0.0,0.0,1.0,0.0
734852.0,936.0,108761.0,"30-34","F",26.0,13479.0,3.0,4.25,1.0,0.0
734854.0,936.0,108762.0,"30-34","F",27.0,57022.0,13.0,20.29000032,3.0,3.0
734856.0,936.0,108762.0,"30-34","F",27.0,5453.0,1.0,1.389999986,1.0,1.0
734866.0,936.0,108764.0,"30-34","F",29.0,11803.0,3.0,4.440000057,1.0,0.0
734881.0,936.0,108766.0,"30-34","F",31.0,4259.0,1.0,1.570000052,1.0,1.0
734901.0,936.0,108770.0,"30-34","F",64.0,1554.0,0.0,0.0,1.0,0.0
734903.0,936.0,108770.0,"30-34","F",64.0,5323.0,1.0,1.289999962,1.0,1.0
734925.0,936.0,108774.0,"35-39","F",10.0,5024.0,1.0,1.409999967,1.0,1.0
734939.0,936.0,108776.0,"35-39","F",16.0,104648.0,24.0,33.33000004,4.0,2.0
734968.0,936.0,108781.0,"35-39","F",22.0,8504.0,3.0,3.340000093,1.0,1.0
734999.0,936.0,108786.0,"35-39","F",27.0,20277.0,6.0,8.050000072,1.0,0.0
735014.0,936.0,108788.0,"35-39","F",29.0,12403.0,4.0,5.210000038,1.0,1.0
735032.0,936.0,108791.0,"35-39","F",32.0,498.0,0.0,0.0,1.0,1.0
735033.0,936.0,108792.0,"35-39","F",36.0,652.0,0.0,0.0,0.0,0.0
735043.0,936.0,108793.0,"35-39","F",63.0,1357.0,0.0,0.0,1.0,1.0
735048.0,936.0,108794.0,"35-39","F",64.0,1393.0,0.0,0.0,1.0,0.0
735065.0,936.0,108797.0,"40-44","F",7.0,648.0,0.0,0.0,1.0,0.0
735109.0,936.0,108804.0,"40-44","F",21.0,708.0,0.0,0.0,1.0,1.0
735140.0,936.0,108809.0,"40-44","F",26.0,6907.0,2.0,2.349999964,1.0,0.0
735143.0,936.0,108810.0,"40-44","F",27.0,39035.0,13.0,19.32999957,1.0,0.0
735151.0,936.0,108811.0,"40-44","F",28.0,926.0,0.0,0.0,1.0,0.0
735184.0,936.0,108817.0,"40-44","F",63.0,4412.0,1.0,1.450000048,1.0,0.0
735189.0,936.0,108818.0,"40-44","F",64.0,9965.0,3.0,4.050000072,1.0,0.0
735213.0,936.0,108822.0,"45-49","F",10.0,73634.0,23.0,32.97999978,1.0,0.0
735220.0,936.0,108823.0,"45-49","F",15.0,69708.0,20.0,31.28999949,1.0,0.0
735242.0,936.0,108826.0,"45-49","F",19.0,530.0,0.0,0.0,1.0,0.0
735247.0,936.0,108827.0,"45-49","F",20.0,14257.0,6.0,8.789999962,1.0,0.0
735289.0,936.0,108834.0,"45-49","F",27.0,20362.0,5.0,9.119999886,1.0,1.0
735290.0,936.0,108834.0,"45-49","F",27.0,12215.0,4.0,6.26000011,1.0,0.0
735298.0,936.0,108836.0,"45-49","F",29.0,85412.0,28.0,38.63999999,2.0,1.0
736869.0,936.0,109448.0,"30-34","M",2.0,2338.0,1.0,0.239999995,1.0,0.0
736890.0,936.0,109451.0,"30-34","M",15.0,2522.0,0.0,0.0,1.0,0.0
736893.0,936.0,109452.0,"30-34","M",16.0,3587.0,0.0,0.0,1.0,0.0
736977.0,936.0,109470.0,"30-34","M",27.0,1273.0,0.0,0.0,1.0,0.0
736988.0,936.0,109472.0,"30-34","M",28.0,3891.0,1.0,1.090000033,1.0,0.0
736995.0,936.0,109473.0,"30-34","M",29.0,1888.0,0.0,0.0,1.0,0.0
736997.0,936.0,109473.0,"30-34","M",29.0,1895.0,0.0,0.0,1.0,0.0
737097.0,936.0,109498.0,"35-39","M",7.0,715.0,0.0,0.0,1.0,0.0
737130.0,936.0,109507.0,"35-39","M",16.0,11199.0,2.0,2.680000067,1.0,0.0
737320.0,936.0,109553.0,"35-39","M",63.0,5676.0,2.0,3.00999999,1.0,0.0
737375.0,936.0,109565.0,"40-44","M",10.0,1415.0,0.0,0.0,1.0,0.0
737524.0,936.0,109601.0,"40-44","M",30.0,2148.0,1.0,1.580000043,1.0,1.0
737644.0,936.0,109629.0,"45-49","M",16.0,45401.0,10.0,14.06000042,1.0,0.0
737657.0,936.0,109633.0,"45-49","M",18.0,7478.0,2.0,2.900000095,1.0,1.0
737658.0,936.0,109633.0,"45-49","M",18.0,4919.0,1.0,1.590000033,1.0,0.0
737674.0,936.0,109637.0,"45-49","M",20.0,533.0,0.0,0.0,1.0,1.0
737766.0,936.0,109659.0,"45-49","M",29.0,1447.0,0.0,0.0,1.0,1.0
737896.0,936.0,109689.0,"30-34","F",16.0,17553.0,3.0,4.590000153,1.0,0.0
737931.0,936.0,109698.0,"30-34","F",20.0,3343.0,1.0,0.540000021,1.0,0.0
737961.0,936.0,109706.0,"30-34","F",23.0,523.0,0.0,0.0,1.0,0.0
737995.0,936.0,109714.0,"30-34","F",26.0,1873.0,0.0,0.0,1.0,0.0
738006.0,936.0,109717.0,"30-34","F",27.0,34740.0,7.0,13.41000009,1.0,1.0
738067.0,936.0,109731.0,"30-34","F",32.0,658.0,0.0,0.0,1.0,0.0
738098.0,936.0,109738.0,"30-34","F",64.0,1539.0,0.0,0.0,1.0,0.0
738307.0,936.0,109788.0,"35-39","F",31.0,3010.0,1.0,0.860000014,1.0,1.0
738389.0,936.0,109808.0,"40-44","F",10.0,27081.0,9.0,10.77000046,1.0,1.0
738408.0,936.0,109813.0,"40-44","F",16.0,20233.0,4.0,5.590000153,3.0,0.0
738413.0,936.0,109813.0,"40-44","F",16.0,147159.0,36.0,58.16000044,3.0,1.0
738423.0,936.0,109816.0,"40-44","F",18.0,21664.0,7.0,10.61999977,1.0,1.0
738436.0,936.0,109820.0,"40-44","F",19.0,9112.0,4.0,5.460000038,1.0,1.0
738463.0,936.0,109826.0,"40-44","F",21.0,542.0,0.0,0.0,1.0,0.0
738528.0,936.0,109839.0,"40-44","F",30.0,402.0,0.0,0.0,1.0,1.0
738560.0,936.0,109844.0,"40-44","F",64.0,1338.0,0.0,0.0,1.0,0.0
738582.0,936.0,109848.0,"45-49","F",10.0,46150.0,15.0,20.17999983,1.0,1.0
738592.0,936.0,109850.0,"45-49","F",16.0,493821.0,116.0,176.3799977,4.0,1.0
738593.0,936.0,109850.0,"45-49","F",16.0,92011.0,27.0,34.39000046,2.0,1.0
738598.0,936.0,109851.0,"45-49","F",18.0,12956.0,4.0,5.49000001,1.0,1.0
738606.0,936.0,109852.0,"45-49","F",19.0,529.0,0.0,0.0,1.0,0.0
738637.0,936.0,109857.0,"45-49","F",24.0,944.0,1.0,1.419999957,1.0,0.0
738648.0,936.0,109859.0,"45-49","F",26.0,111090.0,38.0,51.97000027,5.0,1.0
747212.0,936.0,110836.0,"30-34","M",10.0,7208.0,2.0,3.190000057,1.0,0.0
747213.0,936.0,110836.0,"30-34","M",10.0,1746.0,0.0,0.0,1.0,0.0
747220.0,936.0,110837.0,"30-34","M",15.0,2474.0,0.0,0.0,2.0,2.0
747222.0,936.0,110838.0,"30-34","M",16.0,12489.0,2.0,1.960000038,1.0,0.0
747223.0,936.0,110838.0,"30-34","M",16.0,8032.0,1.0,0.600000024,2.0,0.0
747248.0,936.0,110842.0,"30-34","M",21.0,472.0,0.0,0.0,1.0,1.0
747332.0,936.0,110856.0,"30-34","M",64.0,792.0,0.0,0.0,1.0,1.0
747362.0,936.0,110861.0,"35-39","M",15.0,4607.0,1.0,1.149999976,1.0,1.0
747369.0,936.0,110862.0,"35-39","M",16.0,13355.0,2.0,3.180000067,1.0,1.0
747370.0,936.0,110862.0,"35-39","M",16.0,2936.0,0.0,0.0,1.0,0.0
747401.0,936.0,110867.0,"35-39","M",22.0,2793.0,1.0,0.980000019,1.0,1.0
747435.0,936.0,110873.0,"35-39","M",28.0,1032.0,0.0,0.0,1.0,0.0
747439.0,936.0,110874.0,"35-39","M",29.0,1662.0,0.0,0.0,1.0,1.0
747489.0,936.0,110882.0,"40-44","M",2.0,4016.0,2.0,1.480000049,1.0,1.0
747514.0,936.0,110886.0,"40-44","M",16.0,14843.0,3.0,2.939999938,1.0,1.0
747645.0,936.0,110908.0,"45-49","M",10.0,9674.0,3.0,4.600000024,1.0,1.0
747659.0,936.0,110910.0,"45-49","M",16.0,12186.0,2.0,2.669999957,1.0,0.0
747675.0,936.0,110913.0,"45-49","M",20.0,673.0,0.0,0.0,1.0,0.0
747678.0,936.0,110914.0,"45-49","M",21.0,370.0,0.0,0.0,1.0,1.0
747712.0,936.0,110919.0,"45-49","M",26.0,450.0,0.0,0.0,1.0,1.0
747790.0,936.0,110932.0,"30-34","F",10.0,2077.0,0.0,0.0,1.0,1.0
747791.0,936.0,110932.0,"30-34","F",10.0,31393.0,8.0,10.96000051,1.0,1.0
747795.0,936.0,110933.0,"30-34","F",15.0,8410.0,2.0,2.359999895,1.0,1.0
747798.0,936.0,110934.0,"30-34","F",16.0,25884.0,5.0,7.350000143,1.0,0.0
747824.0,936.0,110938.0,"30-34","F",21.0,608.0,0.0,0.0,1.0,1.0
747828.0,936.0,110939.0,"30-34","F",22.0,28488.0,10.0,9.340000033,1.0,0.0
747852.0,936.0,110943.0,"30-34","F",26.0,10126.0,3.0,4.619999886,1.0,0.0
747859.0,936.0,110944.0,"30-34","F",27.0,22572.0,5.0,8.5,1.0,0.0
747863.0,936.0,110944.0,"30-34","F",27.0,1955.0,0.0,0.0,1.0,1.0
747879.0,936.0,110947.0,"30-34","F",30.0,493.0,0.0,0.0,1.0,0.0
747903.0,936.0,110951.0,"30-34","F",63.0,1491.0,0.0,0.0,1.0,1.0
747911.0,936.0,110952.0,"30-34","F",64.0,1495.0,0.0,0.0,1.0,1.0
747968.0,936.0,110962.0,"35-39","F",21.0,512.0,0.0,0.0,0.0,0.0
747991.0,936.0,110966.0,"35-39","F",25.0,4868.0,2.0,2.420000076,1.0,0.0
748000.0,936.0,110967.0,"35-39","F",26.0,6585.0,2.0,2.950000048,1.0,0.0
748007.0,936.0,110968.0,"35-39","F",27.0,10164.0,2.0,3.720000029,1.0,1.0
748014.0,936.0,110970.0,"35-39","F",29.0,11182.0,4.0,4.449999809,1.0,0.0
748045.0,936.0,110975.0,"35-39","F",63.0,1238.0,0.0,0.0,1.0,0.0
748086.0,936.0,110982.0,"40-44","F",16.0,34127.0,8.0,13.07000017,1.0,0.0
748087.0,936.0,110982.0,"40-44","F",16.0,29466.0,7.0,10.84999967,2.0,0.0
748089.0,936.0,110982.0,"40-44","F",16.0,38759.0,9.0,10.84999967,1.0,0.0
748091.0,936.0,110982.0,"40-44","F",16.0,41720.0,10.0,12.06000006,1.0,1.0
748225.0,936.0,111005.0,"45-49","F",15.0,18602.0,5.0,8.860000134,1.0,0.0
748230.0,936.0,111006.0,"45-49","F",16.0,83929.0,21.0,27.72999954,4.0,1.0
748231.0,936.0,111006.0,"45-49","F",16.0,25194.0,6.0,7.349999905,1.0,0.0
748233.0,936.0,111006.0,"45-49","F",16.0,78627.0,19.0,26.53000045,1.0,0.0
748235.0,936.0,111006.0,"45-49","F",16.0,102695.0,25.0,39.42999983,3.0,0.0
748294.0,936.0,111016.0,"45-49","F",27.0,82827.0,24.0,47.93000031,3.0,0.0
748295.0,936.0,111016.0,"45-49","F",27.0,9240.0,3.0,6.039999962,1.0,0.0
748303.0,936.0,111018.0,"45-49","F",29.0,7706.0,2.0,2.369999886,1.0,0.0
748314.0,936.0,111020.0,"45-49","F",31.0,7821.0,4.0,6.340000153,1.0,1.0
748341.0,936.0,111024.0,"45-49","F",64.0,1363.0,0.0,0.0,1.0,1.0
776318.0,936.0,115484.0,"45-49","F",15.0,3569.0,0.0,0.0,1.0,1.0
776322.0,936.0,115485.0,"45-49","F",16.0,119063.0,34.0,53.21999949,1.0,0.0
776323.0,936.0,115485.0,"45-49","F",16.0,99078.0,23.0,35.79999948,2.0,0.0
776325.0,936.0,115485.0,"45-49","F",16.0,452398.0,114.0,180.2200012,1.0,0.0
776334.0,936.0,115487.0,"45-49","F",10.0,191223.0,48.0,76.41000056,1.0,0.0
776336.0,936.0,115487.0,"45-49","F",10.0,22216.0,6.0,9.549999952,1.0,0.0
776338.0,936.0,115487.0,"45-49","F",10.0,48291.0,11.0,18.01999998,1.0,0.0
776353.0,936.0,115490.0,"40-44","F",63.0,27559.0,8.0,13.37,1.0,0.0
776373.0,936.0,115493.0,"45-49","F",25.0,10194.0,4.0,4.590000033,2.0,1.0
776383.0,936.0,115495.0,"45-49","F",23.0,1168.0,0.0,0.0,1.0,1.0
776405.0,936.0,115498.0,"45-49","F",21.0,40126.0,16.0,25.86000001,1.0,0.0
776416.0,936.0,115500.0,"45-49","F",19.0,3659.0,1.0,0.49000001,1.0,1.0
776430.0,936.0,115503.0,"30-34","M",10.0,3200.0,0.0,0.0,1.0,0.0
776464.0,936.0,115508.0,"45-49","F",29.0,7550.0,1.0,1.679999948,1.0,1.0
776469.0,936.0,115509.0,"45-49","F",28.0,45397.0,15.0,25.41999936,1.0,1.0
776473.0,936.0,115510.0,"30-34","M",16.0,23086.0,2.0,3.310000062,1.0,1.0
776475.0,936.0,115510.0,"30-34","M",16.0,16425.0,1.0,1.549999952,1.0,0.0
776476.0,936.0,115510.0,"30-34","M",16.0,43756.0,5.0,5.439999938,0.0,0.0
776477.0,936.0,115510.0,"30-34","M",16.0,9982.0,0.0,0.0,1.0,0.0
776489.0,936.0,115512.0,"45-49","F",26.0,175389.0,55.0,81.60999787,1.0,0.0
776494.0,936.0,115513.0,"30-34","M",15.0,7015.0,0.0,0.0,1.0,0.0
776515.0,936.0,115517.0,"45-49","F",65.0,12706.0,3.0,4.98999989,1.0,1.0
776519.0,936.0,115517.0,"45-49","F",65.0,70702.0,20.0,31.7099998,1.0,0.0
776533.0,936.0,115520.0,"45-49","F",63.0,63927.0,16.0,25.52000046,2.0,0.0
776534.0,936.0,115520.0,"45-49","F",63.0,15105.0,3.0,4.25999999,1.0,0.0
776538.0,936.0,115521.0,"30-34","F",15.0,8774.0,1.0,1.830000043,1.0,0.0
776551.0,936.0,115523.0,"30-34","F",16.0,14459.0,1.0,1.389999986,1.0,0.0
776552.0,936.0,115523.0,"30-34","F",16.0,21596.0,2.0,2.809999943,1.0,0.0
776553.0,936.0,115523.0,"30-34","F",16.0,66765.0,8.0,11.04999971,1.0,0.0
776563.0,936.0,115525.0,"30-34","F",7.0,1369.0,0.0,0.0,1.0,1.0
776579.0,936.0,115527.0,"30-34","F",10.0,26910.0,5.0,7.229999781,1.0,0.0
776603.0,936.0,115531.0,"30-34","F",2.0,506.0,0.0,0.0,1.0,0.0
776615.0,936.0,115533.0,"45-49","M",63.0,11988.0,3.0,4.269999862,1.0,0.0
776623.0,936.0,115535.0,"45-49","M",64.0,19353.0,6.0,9.4799999,1.0,1.0
776631.0,936.0,115536.0,"40-44","M",29.0,10960.0,2.0,2.890000105,1.0,0.0
776643.0,936.0,115538.0,"30-34","M",15.0,33491.0,6.0,10.56999969,2.0,1.0
776644.0,936.0,115538.0,"30-34","M",15.0,20083.0,2.0,3.200000048,2.0,1.0
776659.0,936.0,115541.0,"30-34","M",16.0,8817.0,0.0,0.0,1.0,1.0
776661.0,936.0,115541.0,"30-34","M",16.0,15466.0,1.0,0.970000029,1.0,0.0
776662.0,936.0,115541.0,"30-34","M",16.0,27072.0,3.0,4.370000005,1.0,0.0
776663.0,936.0,115541.0,"30-34","M",16.0,15753.0,1.0,0.569999993,1.0,1.0
776668.0,936.0,115542.0,"40-44","M",19.0,3523.0,1.0,1.809999943,1.0,1.0
776685.0,936.0,115545.0,"40-44","M",16.0,7745.0,0.0,0.0,1.0,0.0
776686.0,936.0,115545.0,"40-44","M",16.0,18709.0,2.0,3.319999933,1.0,0.0
776687.0,936.0,115545.0,"40-44","M",16.0,8022.0,0.0,0.0,2.0,1.0
776696.0,936.0,115547.0,"30-34","M",10.0,7966.0,1.0,1.179999948,1.0,1.0
776697.0,936.0,115547.0,"30-34","M",10.0,4132.0,0.0,0.0,1.0,1.0
776698.0,936.0,115547.0,"30-34","M",10.0,12785.0,3.0,4.730000019,2.0,1.0
776699.0,936.0,115547.0,"30-34","M",10.0,8213.0,1.0,1.379999995,1.0,1.0
776722.0,936.0,115551.0,"30-34","M",2.0,545.0,0.0,0.0,1.0,1.0
776725.0,936.0,115552.0,"40-44","M",23.0,2479.0,1.0,1.25999999,1.0,0.0
776780.0,936.0,115561.0,"40-44","M",2.0,3812.0,2.0,3.049999952,1.0,0.0
776793.0,936.0,115563.0,"45-49","M",21.0,1609.0,0.0,0.0,1.0,0.0
776799.0,936.0,115564.0,"45-49","M",20.0,10257.0,3.0,3.579999924,1.0,1.0
776817.0,936.0,115567.0,"40-44","M",10.0,12356.0,4.0,6.279999971,1.0,0.0
776825.0,936.0,115568.0,"45-49","M",18.0,7410.0,1.0,1.210000038,1.0,0.0
776829.0,936.0,115569.0,"45-49","M",16.0,140098.0,28.0,46.63000011,1.0,0.0
776831.0,936.0,115569.0,"45-49","M",16.0,107021.0,20.0,34.44000012,1.0,0.0
776840.0,936.0,115571.0,"35-39","M",36.0,2797.0,1.0,1.289999962,1.0,0.0
776861.0,936.0,115574.0,"45-49","M",7.0,16461.0,6.0,9.21999979,1.0,0.0
776892.0,936.0,115580.0,"40-44","M",63.0,17488.0,5.0,7.719999909,1.0,0.0
776928.0,936.0,115586.0,"35-39","M",10.0,9750.0,2.0,1.5,1.0,1.0
776935.0,936.0,115587.0,"45-49","M",36.0,1136.0,0.0,0.0,1.0,1.0
777105.0,936.0,115615.0,"45-49","M",63.0,4333.0,1.0,0.180000007,1.0,1.0
777130.0,936.0,115619.0,"35-39","M",16.0,6260.0,0.0,0.0,1.0,0.0
777131.0,936.0,115619.0,"35-39","M",16.0,6359.0,0.0,0.0,1.0,0.0
777166.0,936.0,115625.0,"30-34","M",63.0,2383.0,0.0,0.0,1.0,1.0
777187.0,936.0,115629.0,"40-44","M",27.0,11292.0,3.0,5.389999866,1.0,1.0
777198.0,936.0,115631.0,"30-34","M",64.0,12729.0,4.0,5.779999852,1.0,0.0
777200.0,936.0,115631.0,"30-34","M",64.0,1898.0,0.0,0.0,1.0,1.0
777201.0,936.0,115631.0,"30-34","M",64.0,1882.0,0.0,0.0,1.0,1.0
777235.0,936.0,115637.0,"30-34","M",65.0,2883.0,1.0,0.99000001,1.0,1.0
777248.0,936.0,115639.0,"30-34","F",7.0,3989.0,1.0,1.279999971,1.0,0.0
777261.0,936.0,115641.0,"40-44","M",29.0,19603.0,4.0,5.279999971,1.0,1.0
777382.0,936.0,115675.0,"40-44","M",24.0,3047.0,1.0,1.379999995,1.0,0.0
777398.0,936.0,115677.0,"35-39","M",24.0,3029.0,1.0,1.049999952,1.0,1.0
777410.0,936.0,115679.0,"45-49","M",26.0,3490.0,1.0,1.340000033,1.0,1.0
777482.0,936.0,115691.0,"45-49","M",28.0,2479.0,0.0,0.0,1.0,0.0
777495.0,936.0,115693.0,"40-44","M",19.0,19581.0,7.0,10.42999983,2.0,0.0
777519.0,936.0,115697.0,"45-49","M",29.0,19537.0,5.0,6.099999905,1.0,0.0
777625.0,936.0,115715.0,"45-49","M",16.0,59433.0,12.0,19.65999949,3.0,0.0
777627.0,936.0,115715.0,"45-49","M",16.0,157534.0,33.0,56.19000077,2.0,0.0
777638.0,936.0,115717.0,"40-44","M",7.0,1781.0,0.0,0.0,1.0,1.0
777670.0,936.0,115723.0,"40-44","M",16.0,23769.0,4.0,6.029999852,1.0,0.0
777673.0,936.0,115723.0,"40-44","M",16.0,7101.0,0.0,0.0,1.0,0.0
777742.0,936.0,115735.0,"35-39","M",64.0,4726.0,1.0,1.830000043,1.0,1.0
777758.0,936.0,115737.0,"30-34","M",19.0,5209.0,1.0,0.959999979,2.0,0.0
777794.0,936.0,115743.0,"30-34","M",18.0,13473.0,3.0,2.619999945,3.0,0.0
777816.0,936.0,115747.0,"40-44","M",2.0,500.0,0.0,0.0,1.0,1.0
777871.0,936.0,115756.0,"30-34","M",20.0,4616.0,1.0,1.360000014,1.0,0.0
777904.0,936.0,115762.0,"30-34","M",31.0,3279.0,0.0,0.0,1.0,0.0
777905.0,936.0,115762.0,"30-34","M",31.0,3288.0,0.0,0.0,1.0,0.0
778037.0,936.0,115784.0,"35-39","M",27.0,14615.0,4.0,6.050000191,1.0,0.0
778048.0,936.0,115786.0,"30-34","M",27.0,56615.0,12.0,19.88000035,2.0,0.0
778085.0,936.0,115792.0,"30-34","M",26.0,11735.0,3.0,4.529999971,1.0,1.0
778087.0,936.0,115792.0,"30-34","M",26.0,15910.0,5.0,6.779999852,1.0,0.0
778112.0,936.0,115796.0,"35-39","M",29.0,11446.0,2.0,3.090000033,1.0,1.0
778113.0,936.0,115796.0,"35-39","M",29.0,4595.0,0.0,0.0,1.0,0.0
778124.0,936.0,115798.0,"30-34","M",29.0,4871.0,0.0,0.0,1.0,0.0
778148.0,936.0,115802.0,"35-39","M",28.0,3199.0,0.0,0.0,1.0,0.0
778156.0,936.0,115804.0,"30-34","M",28.0,9388.0,2.0,3.140000105,1.0,0.0
778161.0,936.0,115804.0,"30-34","M",28.0,17954.0,6.0,7.5400002,2.0,1.0
778208.0,936.0,115812.0,"40-44","F",29.0,2755.0,0.0,0.0,1.0,0.0
778264.0,936.0,115822.0,"40-44","F",27.0,8152.0,1.0,0.99000001,1.0,0.0
778266.0,936.0,115822.0,"40-44","F",27.0,74542.0,19.0,34.1500001,1.0,0.0
778421.0,936.0,115848.0,"40-44","F",20.0,6699.0,2.0,3.090000033,1.0,0.0
778422.0,936.0,115848.0,"40-44","F",20.0,11911.0,4.0,3.959999919,1.0,0.0
778461.0,936.0,115854.0,"40-44","M",29.0,10090.0,2.0,2.650000095,1.0,1.0
778471.0,936.0,115856.0,"30-34","M",32.0,1273.0,0.0,0.0,1.0,1.0
778483.0,936.0,115858.0,"40-44","F",18.0,24188.0,5.0,8.179999828,1.0,0.0
778529.0,936.0,115866.0,"30-34","M",31.0,2214.0,0.0,0.0,1.0,0.0
778556.0,936.0,115870.0,"40-44","M",32.0,9735.0,4.0,4.130000114,1.0,1.0
778590.0,936.0,115876.0,"30-34","M",30.0,1371.0,0.0,0.0,1.0,1.0
778600.0,936.0,115878.0,"40-44","F",22.0,10750.0,4.0,5.389999866,1.0,0.0
778626.0,936.0,115882.0,"30-34","M",29.0,7629.0,1.0,0.720000029,1.0,1.0
778628.0,936.0,115882.0,"30-34","M",29.0,4608.0,0.0,0.0,1.0,0.0
778674.0,936.0,115890.0,"35-39","M",29.0,3732.0,0.0,0.0,1.0,0.0
778689.0,936.0,115892.0,"30-34","M",28.0,7453.0,1.0,1.679999948,1.0,1.0
778722.0,936.0,115898.0,"35-39","F",64.0,41785.0,14.0,19.10000038,1.0,0.0
778737.0,936.0,115900.0,"35-39","M",27.0,8077.0,2.0,3.579999924,1.0,1.0
778756.0,936.0,115904.0,"35-39","F",63.0,5602.0,1.0,1.580000043,1.0,0.0
778804.0,936.0,115912.0,"30-34","M",26.0,6184.0,2.0,2.75,1.0,1.0
778808.0,936.0,115912.0,"30-34","M",26.0,1738.0,0.0,0.0,1.0,0.0
778964.0,936.0,115938.0,"35-39","F",27.0,112460.0,25.0,41.29000068,1.0,0.0
779057.0,936.0,115954.0,"40-44","M",15.0,4414.0,0.0,0.0,1.0,0.0
779106.0,936.0,115962.0,"35-39","F",30.0,14670.0,7.0,9.410000324,1.0,0.0
779438.0,936.0,116031.0,"30-34","F",64.0,33144.0,9.0,13.40999985,1.0,0.0
779453.0,936.0,116033.0,"45-49","M",64.0,4397.0,1.0,0.949999988,1.0,0.0
779488.0,936.0,116039.0,"45-49","M",65.0,1006.0,0.0,0.0,1.0,0.0
779573.0,936.0,116053.0,"35-39","F",10.0,89527.0,24.0,32.28999996,1.0,0.0
779608.0,936.0,116059.0,"35-39","F",15.0,2459.0,0.0,0.0,1.0,0.0
779609.0,936.0,116059.0,"35-39","F",15.0,7116.0,2.0,1.730000019,1.0,1.0
779622.0,936.0,116061.0,"30-34","F",15.0,8613.0,1.0,0.889999986,2.0,0.0
779631.0,936.0,116063.0,"35-39","F",16.0,9730.0,1.0,1.379999995,1.0,0.0
779644.0,936.0,116065.0,"30-34","F",16.0,51816.0,8.0,10.2299999,2.0,1.0
779645.0,936.0,116065.0,"30-34","F",16.0,27289.0,3.0,4.429999828,1.0,0.0
779715.0,936.0,116077.0,"30-34","F",29.0,20409.0,4.0,3.829999924,1.0,0.0
779716.0,936.0,116077.0,"30-34","F",29.0,8044.0,1.0,1.110000014,1.0,0.0
779738.0,936.0,116081.0,"30-34","F",28.0,15645.0,4.0,5.349999905,1.0,0.0
779778.0,936.0,116087.0,"30-34","F",31.0,2466.0,0.0,0.0,2.0,2.0
779789.0,936.0,116089.0,"45-49","M",10.0,11611.0,3.0,3.950000048,1.0,1.0
779824.0,936.0,116095.0,"45-49","M",7.0,9375.0,3.0,4.019999981,1.0,0.0
779871.0,936.0,116103.0,"30-34","F",32.0,4402.0,1.0,1.330000043,1.0,1.0
779918.0,936.0,116111.0,"30-34","F",18.0,8469.0,2.0,3.089999914,1.0,0.0
779922.0,936.0,116111.0,"30-34","F",18.0,5823.0,1.0,1.419999957,1.0,1.0
779944.0,936.0,116115.0,"35-39","M",10.0,2549.0,0.0,0.0,1.0,0.0
779979.0,936.0,116121.0,"35-39","M",16.0,25817.0,4.0,6.019999981,1.0,0.0
779995.0,936.0,116123.0,"30-34","F",20.0,1961.0,0.0,0.0,1.0,0.0
780064.0,936.0,116135.0,"30-34","F",22.0,2554.0,0.0,0.0,1.0,0.0
780104.0,936.0,116147.0,"30-34","F",25.0,4971.0,1.0,1.230000019,1.0,1.0
780199.0,936.0,116163.0,"35-39","F",23.0,1030.0,0.0,0.0,1.0,1.0
780318.0,936.0,116183.0,"45-49","F",29.0,162341.0,56.0,77.07999969,3.0,0.0
780323.0,936.0,116183.0,"45-49","F",29.0,24542.0,7.0,9.329999924,1.0,0.0
780486.0,936.0,116216.0,"30-34","F",65.0,2879.0,0.0,0.0,1.0,1.0
780498.0,936.0,116218.0,"30-34","F",64.0,13621.0,3.0,4.090000033,1.0,0.0
780511.0,936.0,116220.0,"30-34","F",63.0,6175.0,1.0,1.370000005,2.0,1.0
780629.0,936.0,116240.0,"30-34","F",28.0,2963.0,0.0,0.0,1.0,0.0
780653.0,936.0,116244.0,"30-34","F",29.0,9076.0,1.0,1.379999995,1.0,1.0
780655.0,936.0,116244.0,"30-34","F",29.0,20941.0,4.0,5.909999967,1.0,1.0
780666.0,936.0,116246.0,"45-49","F",10.0,3462.0,0.0,0.0,1.0,0.0
780681.0,936.0,116248.0,"30-34","F",26.0,4073.0,0.0,0.0,1.0,1.0
780700.0,936.0,116252.0,"30-34","F",27.0,3745.0,0.0,0.0,1.0,0.0
780748.0,936.0,116265.0,"30-34","F",24.0,830.0,0.0,0.0,1.0,0.0
780759.0,936.0,116267.0,"45-49","F",18.0,2912.0,0.0,0.0,1.0,0.0
780760.0,936.0,116267.0,"45-49","F",18.0,17167.0,5.0,6.910000086,1.0,0.0
780797.0,936.0,116273.0,"30-34","F",22.0,24491.0,7.0,9.539999962,1.0,0.0
780799.0,936.0,116273.0,"30-34","F",22.0,44699.0,13.0,17.30000037,2.0,0.0
780821.0,936.0,116277.0,"30-34","F",23.0,6469.0,2.0,1.309999943,1.0,0.0
780830.0,936.0,116279.0,"45-49","F",16.0,16053.0,3.0,4.079999924,1.0,1.0
780835.0,936.0,116279.0,"45-49","F",16.0,54724.0,12.0,17.92999995,1.0,1.0
780867.0,936.0,116285.0,"30-34","F",21.0,4706.0,1.0,1.220000029,1.0,0.0
780974.0,936.0,116303.0,"40-44","F",32.0,8316.0,3.0,4.569999933,1.0,1.0
781066.0,936.0,116323.0,"40-44","F",22.0,5794.0,2.0,2.269999981,1.0,0.0
781114.0,936.0,116331.0,"40-44","F",18.0,4813.0,1.0,1.029999971,1.0,0.0
781159.0,936.0,116339.0,"40-44","F",10.0,85285.0,26.0,36.13000035,1.0,0.0
781162.0,936.0,116339.0,"40-44","F",10.0,5839.0,1.0,1.370000005,1.0,0.0
781175.0,936.0,116341.0,"40-44","F",15.0,5859.0,1.0,1.539999962,1.0,0.0
781187.0,936.0,116343.0,"40-44","F",16.0,164118.0,41.0,59.06999993,1.0,0.0
781195.0,936.0,116345.0,"35-39","F",63.0,18234.0,6.0,7.810000062,1.0,0.0
781207.0,936.0,116347.0,"35-39","F",64.0,2755.0,0.0,0.0,1.0,0.0
781303.0,936.0,116363.0,"35-39","F",27.0,73676.0,20.0,28.5,1.0,0.0
781305.0,936.0,116363.0,"35-39","F",27.0,18421.0,7.0,10.07999992,1.0,0.0
781327.0,936.0,116367.0,"35-39","F",29.0,164754.0,49.0,67.97999978,2.0,1.0
781353.0,936.0,116371.0,"35-39","F",10.0,7449.0,1.0,1.639999986,1.0,1.0
781354.0,936.0,116371.0,"35-39","F",10.0,6424.0,1.0,0.529999971,1.0,0.0
781438.0,936.0,116385.0,"30-34","M",63.0,2086.0,0.0,0.0,1.0,0.0
781470.0,936.0,116391.0,"35-39","M",16.0,6016.0,0.0,0.0,1.0,0.0
781499.0,936.0,116395.0,"35-39","M",15.0,6412.0,1.0,1.370000005,1.0,0.0
781508.0,936.0,116397.0,"30-34","F",63.0,5040.0,1.0,1.440000057,1.0,0.0
781556.0,936.0,116405.0,"30-34","F",32.0,1772.0,0.0,0.0,1.0,0.0
781559.0,936.0,116405.0,"30-34","F",32.0,1783.0,0.0,0.0,1.0,0.0
781606.0,936.0,116413.0,"35-39","M",20.0,8200.0,3.0,3.919999957,1.0,0.0
781690.0,936.0,116427.0,"45-49","F",26.0,115896.0,38.0,49.44000006,1.0,0.0
781811.0,936.0,116447.0,"35-39","F",16.0,10186.0,1.0,1.230000019,1.0,1.0
781857.0,936.0,116455.0,"30-34","M",20.0,9134.0,3.0,4.180000067,2.0,0.0
781858.0,936.0,116455.0,"30-34","M",20.0,3385.0,1.0,1.440000057,1.0,1.0
781907.0,936.0,116463.0,"45-49","F",21.0,1314.0,0.0,0.0,1.0,0.0
781928.0,936.0,116467.0,"30-34","M",18.0,2916.0,0.0,0.0,1.0,1.0
781929.0,936.0,116467.0,"30-34","M",18.0,6142.0,1.0,1.330000043,1.0,0.0
781950.0,936.0,116471.0,"30-34","F",20.0,1984.0,0.0,0.0,1.0,0.0
781999.0,936.0,116479.0,"30-34","M",24.0,9142.0,3.0,3.749999881,1.0,0.0
782001.0,936.0,116479.0,"30-34","M",24.0,5475.0,2.0,2.730000019,1.0,1.0
782022.0,936.0,116483.0,"30-34","F",18.0,8254.0,2.0,2.320000052,1.0,1.0
782026.0,936.0,116483.0,"30-34","F",18.0,5704.0,1.0,1.320000052,1.0,0.0
782130.0,936.0,116501.0,"30-34","F",16.0,7301.0,0.0,0.0,1.0,0.0
782134.0,936.0,116501.0,"30-34","F",16.0,37873.0,5.0,6.169999957,1.0,1.0
782135.0,936.0,116501.0,"30-34","F",16.0,25267.0,4.0,4.940000057,2.0,1.0
782171.0,936.0,116507.0,"30-34","F",30.0,535.0,0.0,0.0,1.0,0.0
782180.0,936.0,116509.0,"30-34","M",29.0,3396.0,0.0,0.0,1.0,0.0
782219.0,936.0,116515.0,"30-34","M",26.0,977.0,0.0,0.0,1.0,0.0
782228.0,936.0,116517.0,"40-44","F",63.0,12318.0,5.0,6.340000153,1.0,1.0
782242.0,936.0,116519.0,"30-34","F",28.0,4783.0,1.0,0.860000014,1.0,0.0
782275.0,936.0,116525.0,"30-34","F",29.0,6475.0,1.0,1.350000024,1.0,0.0
782337.0,936.0,116535.0,"45-49","F",16.0,104578.0,29.0,39.25000095,1.0,1.0
782407.0,936.0,116547.0,"45-49","F",10.0,33664.0,11.0,12.51000035,1.0,0.0
782443.0,936.0,116553.0,"40-44","F",20.0,979.0,0.0,0.0,1.0,0.0
782541.0,936.0,116569.0,"40-44","F",28.0,7337.0,3.0,4.079999924,1.0,0.0
782587.0,936.0,116577.0,"30-34","M",10.0,2499.0,0.0,0.0,1.0,0.0
782647.0,936.0,116587.0,"40-44","F",27.0,11244.0,3.0,4.550000191,1.0,0.0
782658.0,936.0,116589.0,"30-34","M",15.0,4827.0,0.0,0.0,1.0,0.0
782694.0,936.0,116595.0,"35-39","F",29.0,29035.0,7.0,8.910000086,2.0,2.0
782706.0,936.0,116597.0,"35-39","F",30.0,761.0,0.0,0.0,1.0,0.0
782754.0,936.0,116605.0,"35-39","F",26.0,6532.0,1.0,1.610000014,1.0,0.0
782815.0,936.0,116615.0,"40-44","F",10.0,11537.0,3.0,4.300000191,1.0,0.0
782816.0,936.0,116615.0,"40-44","F",10.0,12183.0,3.0,2.869999945,1.0,0.0
782862.0,936.0,116623.0,"35-39","F",64.0,5912.0,1.0,1.559999943,1.0,1.0
950068.0,936.0,123438.0,"30-34","M",10.0,4012.0,1.0,1.570000052,1.0,0.0
950078.0,936.0,123440.0,"30-34","M",16.0,12396.0,2.0,3.210000038,2.0,1.0
950079.0,936.0,123440.0,"30-34","M",16.0,3142.0,0.0,0.0,2.0,2.0
950099.0,936.0,123443.0,"30-34","M",18.0,1120.0,0.0,0.0,1.0,0.0
950109.0,936.0,123445.0,"30-34","M",20.0,343.0,0.0,0.0,1.0,1.0
950170.0,936.0,123455.0,"30-34","M",15.0,1720.0,0.0,0.0,1.0,1.0
950179.0,936.0,123457.0,"30-34","M",16.0,3423.0,0.0,0.0,1.0,1.0
950182.0,936.0,123457.0,"30-34","M",16.0,3242.0,0.0,0.0,1.0,0.0
950183.0,936.0,123457.0,"30-34","M",16.0,15720.0,1.0,1.379999995,1.0,0.0
950200.0,936.0,123460.0,"30-34","M",10.0,1217.0,0.0,0.0,1.0,1.0
950224.0,936.0,123464.0,"40-44","M",20.0,2367.0,2.0,2.839999914,1.0,1.0
950326.0,936.0,123481.0,"35-39","M",16.0,6607.0,1.0,1.320000052,2.0,0.0
950345.0,936.0,123484.0,"30-34","M",64.0,616.0,0.0,0.0,1.0,0.0
950452.0,936.0,123502.0,"45-49","M",16.0,5537.0,1.0,1.519999981,1.0,0.0
950463.0,936.0,123504.0,"45-49","M",15.0,818.0,0.0,0.0,1.0,0.0
950495.0,936.0,123509.0,"45-49","M",21.0,1909.0,1.0,0.980000019,1.0,0.0
950521.0,936.0,123514.0,"30-34","M",21.0,351.0,0.0,0.0,1.0,0.0
950531.0,936.0,123515.0,"45-49","M",22.0,572.0,0.0,0.0,1.0,0.0
950537.0,936.0,123516.0,"40-44","M",36.0,1884.0,1.0,1.409999967,1.0,0.0
950550.0,936.0,123519.0,"30-34","M",30.0,219.0,0.0,0.0,1.0,0.0
950577.0,936.0,123523.0,"30-34","M",32.0,540.0,0.0,0.0,1.0,1.0
950578.0,936.0,123523.0,"30-34","M",32.0,550.0,0.0,0.0,1.0,0.0
950595.0,936.0,123526.0,"30-34","M",26.0,465.0,0.0,0.0,1.0,0.0
950609.0,936.0,123528.0,"30-34","M",29.0,1761.0,0.0,0.0,1.0,1.0
950629.0,936.0,123532.0,"30-34","M",65.0,152.0,0.0,0.0,1.0,1.0
950631.0,936.0,123532.0,"30-34","M",65.0,152.0,0.0,0.0,1.0,1.0
950649.0,936.0,123535.0,"30-34","M",64.0,429.0,0.0,0.0,1.0,0.0
950745.0,936.0,123551.0,"30-34","M",29.0,1514.0,0.0,0.0,2.0,2.0
950770.0,936.0,123555.0,"30-34","M",28.0,7780.0,3.0,4.329999924,2.0,2.0
950772.0,936.0,123556.0,"35-39","M",28.0,460.0,0.0,0.0,1.0,0.0
950773.0,936.0,123556.0,"35-39","M",28.0,471.0,0.0,0.0,1.0,0.0
950776.0,936.0,123556.0,"35-39","M",28.0,2633.0,1.0,1.070000052,1.0,0.0
950787.0,936.0,123558.0,"30-34","M",27.0,199.0,0.0,0.0,1.0,0.0
950808.0,936.0,123562.0,"35-39","M",32.0,398.0,0.0,0.0,1.0,0.0
950839.0,936.0,123567.0,"30-34","M",24.0,246.0,0.0,0.0,2.0,2.0
950878.0,936.0,123573.0,"40-44","M",10.0,2967.0,1.0,1.5,1.0,1.0
950969.0,936.0,123588.0,"45-49","M",36.0,255.0,0.0,0.0,1.0,0.0
951021.0,936.0,123597.0,"30-34","F",7.0,457.0,0.0,0.0,1.0,1.0
951033.0,936.0,123599.0,"30-34","F",10.0,5517.0,1.0,1.230000019,1.0,0.0
951035.0,936.0,123599.0,"30-34","F",10.0,1539.0,0.0,0.0,1.0,1.0
951043.0,936.0,123601.0,"30-34","F",16.0,3189.0,0.0,0.0,1.0,0.0
951045.0,936.0,123601.0,"30-34","F",16.0,3348.0,0.0,0.0,1.0,0.0
951046.0,936.0,123601.0,"30-34","F",16.0,20050.0,4.0,4.659999847,4.0,1.0
951102.0,936.0,123611.0,"45-49","M",16.0,2254.0,0.0,0.0,1.0,0.0
951105.0,936.0,123611.0,"45-49","M",16.0,5894.0,1.0,1.539999962,1.0,1.0
951133.0,936.0,123616.0,"35-39","M",16.0,9948.0,2.0,2.720000029,2.0,0.0
951202.0,936.0,123627.0,"45-49","F",26.0,5307.0,3.0,4.289999962,2.0,1.0
951225.0,936.0,123631.0,"35-39","F",22.0,4621.0,2.0,3.25,1.0,1.0
951270.0,936.0,123639.0,"35-39","F",18.0,784.0,0.0,0.0,1.0,1.0
951282.0,936.0,123641.0,"35-39","F",16.0,5775.0,1.0,1.580000043,1.0,1.0
951285.0,936.0,123641.0,"35-39","F",16.0,9297.0,2.0,2.619999886,2.0,1.0
951294.0,936.0,123643.0,"35-39","F",15.0,699.0,0.0,0.0,1.0,0.0
951305.0,936.0,123644.0,"35-39","F",10.0,1104.0,0.0,0.0,1.0,0.0
951334.0,936.0,123649.0,"30-34","F",64.0,3717.0,1.0,1.539999962,1.0,0.0
951391.0,936.0,123659.0,"30-34","F",28.0,2879.0,1.0,1.590000033,2.0,2.0
951392.0,936.0,123659.0,"30-34","F",28.0,2749.0,1.0,1.389999986,1.0,0.0
951400.0,936.0,123660.0,"45-49","F",10.0,24028.0,9.0,12.39000034,2.0,0.0
951402.0,936.0,123661.0,"30-34","F",29.0,1118.0,0.0,0.0,1.0,1.0
951413.0,936.0,123662.0,"30-34","F",26.0,1083.0,0.0,0.0,2.0,1.0
951420.0,936.0,123664.0,"30-34","F",27.0,843.0,0.0,0.0,1.0,0.0
951444.0,936.0,123668.0,"30-34","F",25.0,2983.0,1.0,0.970000029,1.0,0.0
951448.0,936.0,123668.0,"30-34","F",25.0,696.0,0.0,0.0,1.0,0.0
951462.0,936.0,123671.0,"45-49","F",16.0,7589.0,2.0,3.150000095,1.0,1.0
951464.0,936.0,123671.0,"45-49","F",16.0,20997.0,10.0,11.94999981,1.0,0.0
951465.0,936.0,123671.0,"45-49","F",16.0,4617.0,1.0,1.360000014,1.0,0.0
951498.0,936.0,123677.0,"45-49","F",20.0,259.0,0.0,0.0,1.0,0.0
951508.0,936.0,123678.0,"30-34","F",18.0,1134.0,0.0,0.0,1.0,0.0
951542.0,936.0,123684.0,"40-44","F",27.0,357.0,0.0,0.0,1.0,0.0
951607.0,936.0,123695.0,"40-44","F",10.0,848.0,0.0,0.0,1.0,1.0
951608.0,936.0,123695.0,"40-44","F",10.0,3149.0,1.0,1.480000019,1.0,0.0
951641.0,936.0,123700.0,"40-44","F",2.0,87.0,0.0,0.0,1.0,1.0
951677.0,936.0,123706.0,"35-39","F",27.0,2563.0,1.0,1.480000019,1.0,0.0
951692.0,936.0,123709.0,"35-39","F",10.0,1107.0,0.0,0.0,1.0,0.0
951715.0,936.0,123713.0,"45-49","F",64.0,10677.0,5.0,7.269999981,1.0,0.0
951756.0,936.0,123720.0,"35-39","F",22.0,2189.0,1.0,0.409999996,1.0,0.0
951779.0,936.0,123723.0,"45-49","F",27.0,3277.0,2.0,2.680000067,1.0,0.0
951782.0,936.0,123724.0,"45-49","F",26.0,781.0,0.0,0.0,1.0,0.0
951810.0,936.0,123729.0,"35-39","F",16.0,2226.0,0.0,0.0,1.0,0.0
951812.0,936.0,123729.0,"35-39","F",16.0,16274.0,4.0,6.079999924,2.0,0.0
951837.0,936.0,123733.0,"45-49","F",20.0,2077.0,1.0,1.50999999,1.0,1.0
951853.0,936.0,123736.0,"30-34","F",20.0,529.0,0.0,0.0,0.0,0.0
951854.0,936.0,123736.0,"30-34","F",20.0,487.0,0.0,0.0,1.0,0.0
951856.0,936.0,123736.0,"30-34","F",20.0,4626.0,2.0,2.099999905,2.0,0.0
951941.0,936.0,123750.0,"30-34","F",28.0,2764.0,1.0,1.559999943,1.0,1.0
952001.0,936.0,123760.0,"45-49","F",10.0,5447.0,2.0,2.960000038,1.0,0.0
952031.0,936.0,123765.0,"40-44","F",16.0,28169.0,8.0,12.36999989,1.0,1.0
952080.0,936.0,123774.0,"40-44","F",27.0,415.0,0.0,0.0,1.0,0.0
952100.0,936.0,123777.0,"35-39","F",29.0,810.0,0.0,0.0,1.0,1.0
1121091.0,1178.0,144531.0,"30-34","M",10.0,1194718.0,141.0,254.049996,28.0,14.0
1121092.0,1178.0,144531.0,"30-34","M",10.0,637648.0,67.0,122.4,13.0,5.0
1121094.0,1178.0,144531.0,"30-34","M",10.0,24362.0,0.0,0.0,1.0,1.0
1121095.0,1178.0,144531.0,"30-34","M",10.0,459690.0,50.0,86.33000112,5.0,2.0
1121096.0,1178.0,144531.0,"30-34","M",10.0,750060.0,86.0,161.9099991,11.0,2.0
1121097.0,1178.0,144532.0,"30-34","M",15.0,30068.0,1.0,1.820000052,1.0,0.0
1121098.0,1178.0,144532.0,"30-34","M",15.0,1267550.0,123.0,236.7699986,24.0,10.0
1121100.0,1178.0,144532.0,"30-34","M",15.0,3052003.0,340.0,639.9499981,60.0,17.0
1121101.0,1178.0,144532.0,"30-34","M",15.0,29945.0,1.0,1.590000033,2.0,1.0
1121102.0,1178.0,144532.0,"30-34","M",15.0,357856.0,30.0,52.97000015,7.0,3.0
1121104.0,1178.0,144533.0,"30-34","M",16.0,2080666.0,202.0,360.1500015,40.0,21.0
1121105.0,1178.0,144533.0,"30-34","M",16.0,145999.0,9.0,16.5200001,5.0,2.0
1121107.0,1178.0,144533.0,"30-34","M",16.0,32616.0,1.0,1.539999962,2.0,0.0
1121108.0,1178.0,144533.0,"30-34","M",16.0,984521.0,95.0,163.8999972,26.0,14.0
1121110.0,1178.0,144534.0,"30-34","M",18.0,880814.0,123.0,210.3600006,6.0,2.0
1121111.0,1178.0,144534.0,"30-34","M",18.0,182452.0,20.0,35.73000026,4.0,1.0
1121113.0,1178.0,144534.0,"30-34","M",18.0,894911.0,120.0,215.8399994,7.0,4.0
1121114.0,1178.0,144534.0,"30-34","M",18.0,31349.0,2.0,3.800000072,1.0,0.0
1121115.0,1178.0,144535.0,"30-34","M",19.0,410310.0,55.0,96.80000055,3.0,0.0
1121116.0,1178.0,144535.0,"30-34","M",19.0,572450.0,89.0,157.329998,7.0,4.0
1121117.0,1178.0,144535.0,"30-34","M",19.0,98759.0,15.0,26.56999946,1.0,1.0
1121119.0,1178.0,144535.0,"30-34","M",19.0,345371.0,54.0,93.08999991,7.0,3.0
1121121.0,1178.0,144536.0,"30-34","M",20.0,323899.0,46.0,78.9200002,5.0,1.0
1121122.0,1178.0,144536.0,"30-34","M",20.0,399199.0,58.0,103.1500002,3.0,0.0
1121123.0,1178.0,144536.0,"30-34","M",20.0,171202.0,22.0,36.53000021,3.0,1.0
1121124.0,1178.0,144536.0,"30-34","M",20.0,128386.0,15.0,28.85000002,2.0,1.0
1121125.0,1178.0,144536.0,"30-34","M",20.0,1034284.0,152.0,257.7099986,20.0,9.0
1121126.0,1178.0,144536.0,"30-34","M",20.0,45923.0,5.0,7.220000148,2.0,0.0
1121127.0,1178.0,144537.0,"30-34","M",21.0,40873.0,4.0,7.899999976,2.0,1.0
1121128.0,1178.0,144537.0,"30-34","M",21.0,286553.0,34.0,62.06000042,2.0,1.0
1121129.0,1178.0,144537.0,"30-34","M",21.0,20618.0,1.0,2.099999905,2.0,1.0
1121131.0,1178.0,144537.0,"30-34","M",21.0,83591.0,7.0,14.14000046,2.0,2.0
1121132.0,1178.0,144537.0,"30-34","M",21.0,114923.0,12.0,23.73000026,4.0,2.0
1121133.0,1178.0,144538.0,"30-34","M",22.0,25002.0,1.0,1.710000038,1.0,0.0
1121134.0,1178.0,144538.0,"30-34","M",22.0,68905.0,5.0,9.440000057,1.0,0.0
1121136.0,1178.0,144538.0,"30-34","M",22.0,169588.0,16.0,27.79999924,1.0,0.0
1121138.0,1178.0,144538.0,"30-34","M",22.0,328991.0,35.0,67.65000057,5.0,2.0
1121141.0,1178.0,144539.0,"30-34","M",23.0,23198.0,2.0,2.980000019,1.0,0.0
1121142.0,1178.0,144539.0,"30-34","M",23.0,26890.0,2.0,3.24000001,1.0,0.0
1121143.0,1178.0,144539.0,"30-34","M",23.0,221695.0,31.0,52.26000011,5.0,2.0
1121152.0,1178.0,144541.0,"30-34","M",24.0,88443.0,7.0,13.0400002,1.0,1.0
1121153.0,1178.0,144541.0,"30-34","M",24.0,187856.0,23.0,38.38999975,5.0,1.0
1121164.0,1178.0,144545.0,"30-34","M",25.0,570699.0,80.0,138.7699997,9.0,2.0
1121167.0,1178.0,144545.0,"30-34","M",25.0,1063508.0,145.0,260.3800013,23.0,7.0
1121168.0,1178.0,144545.0,"30-34","M",25.0,50523.0,6.0,8.549999952,1.0,0.0
1121172.0,1178.0,144547.0,"30-34","M",26.0,87935.0,9.0,15.63000023,1.0,0.0
1121173.0,1178.0,144547.0,"30-34","M",26.0,278225.0,33.0,60.19999957,3.0,0.0
1121175.0,1178.0,144547.0,"30-34","M",26.0,209461.0,20.0,34.19000006,1.0,0.0
1121177.0,1178.0,144547.0,"30-34","M",26.0,26316.0,2.0,3.24000001,3.0,0.0
1121181.0,1178.0,144549.0,"30-34","M",27.0,41030.0,3.0,5.140000105,2.0,1.0
1121182.0,1178.0,144549.0,"30-34","M",27.0,876671.0,120.0,216.5599982,22.0,4.0
1121183.0,1178.0,144549.0,"30-34","M",27.0,399392.0,53.0,93.07000041,5.0,0.0
1121184.0,1178.0,144549.0,"30-34","M",27.0,283858.0,30.0,56.05999923,1.0,0.0
1121185.0,1178.0,144549.0,"30-34","M",27.0,260699.0,31.0,54.09999871,5.0,2.0
1121193.0,1178.0,144552.0,"30-34","M",28.0,57781.0,5.0,7.800000072,2.0,1.0
1121195.0,1178.0,144552.0,"30-34","M",28.0,38757.0,3.0,5.220000029,1.0,0.0
1121196.0,1178.0,144552.0,"30-34","M",28.0,1392288.0,206.0,358.5500029,31.0,7.0
1121197.0,1178.0,144552.0,"30-34","M",28.0,1109387.0,159.0,280.9899995,13.0,2.0
1121202.0,1178.0,144554.0,"30-34","M",29.0,581281.0,65.0,115.1200008,10.0,5.0
1121203.0,1178.0,144554.0,"30-34","M",29.0,1048861.0,128.0,219.770002,22.0,8.0
1121205.0,1178.0,144554.0,"30-34","M",29.0,297452.0,30.0,52.01999986,4.0,1.0
1121206.0,1178.0,144554.0,"30-34","M",29.0,227925.0,22.0,35.30999994,22.0,12.0
1121207.0,1178.0,144554.0,"30-34","M",29.0,374175.0,38.0,63.32000101,8.0,3.0
1121211.0,1178.0,144556.0,"30-34","M",30.0,223586.0,32.0,54.24000037,1.0,0.0
1121213.0,1178.0,144556.0,"30-34","M",30.0,283170.0,39.0,65.22999996,2.0,1.0
1121215.0,1178.0,144556.0,"30-34","M",30.0,41636.0,3.0,4.210000038,1.0,0.0
1121216.0,1178.0,144556.0,"30-34","M",30.0,198658.0,30.0,48.60999978,8.0,1.0
1121220.0,1178.0,144558.0,"30-34","M",31.0,100596.0,10.0,13.91999972,4.0,2.0
1121223.0,1178.0,144558.0,"30-34","M",31.0,64020.0,5.0,11.0599997,1.0,0.0
1121224.0,1178.0,144558.0,"30-34","M",31.0,14289.0,0.0,0.0,1.0,0.0
1121229.0,1178.0,144561.0,"30-34","M",32.0,404866.0,43.0,87.42000079,4.0,0.0
1121231.0,1178.0,144561.0,"30-34","M",32.0,22256.0,1.0,1.659999967,1.0,1.0
1121233.0,1178.0,144561.0,"30-34","M",32.0,57690.0,4.0,6.74000001,1.0,0.0
1121241.0,1178.0,144562.0,"30-34","M",36.0,24952.0,5.0,8.220000267,3.0,2.0
1121242.0,1178.0,144562.0,"30-34","M",36.0,38900.0,3.0,5.580000043,1.0,0.0
1121243.0,1178.0,144562.0,"30-34","M",36.0,53520.0,6.0,9.2299999,1.0,1.0
1121244.0,1178.0,144562.0,"30-34","M",36.0,181683.0,20.0,34.22999972,2.0,1.0
1121245.0,1178.0,144562.0,"30-34","M",36.0,29185.0,2.0,3.149999976,1.0,0.0
1121246.0,1178.0,144562.0,"30-34","M",36.0,105047.0,13.0,20.2099994,3.0,1.0
1121250.0,1178.0,144565.0,"30-34","M",63.0,287976.0,31.0,59.43999982,3.0,2.0
1121251.0,1178.0,144565.0,"30-34","M",63.0,212175.0,22.0,38.58999968,2.0,1.0
1121252.0,1178.0,144565.0,"30-34","M",63.0,11139.0,0.0,0.0,1.0,1.0
1121254.0,1178.0,144565.0,"30-34","M",63.0,124005.0,11.0,21.84999979,4.0,1.0
1121255.0,1178.0,144565.0,"30-34","M",63.0,20423.0,1.0,1.960000038,1.0,0.0
1121261.0,1178.0,144567.0,"30-34","M",64.0,103001.0,14.0,22.32000005,1.0,0.0
1121262.0,1178.0,144567.0,"30-34","M",64.0,447420.0,66.0,110.2399991,7.0,2.0
1121263.0,1178.0,144567.0,"30-34","M",64.0,156101.0,19.0,29.75000048,2.0,2.0
1121264.0,1178.0,144567.0,"30-34","M",64.0,93015.0,12.0,18.47000015,1.0,0.0
1121265.0,1178.0,144568.0,"30-34","M",65.0,145398.0,23.0,36.24000025,1.0,0.0
1121269.0,1178.0,144568.0,"30-34","M",65.0,296413.0,50.0,76.43999958,3.0,1.0
1121273.0,1178.0,144569.0,"30-34","M",2.0,9370.0,0.0,0.0,1.0,1.0
1121274.0,1178.0,144569.0,"30-34","M",2.0,63785.0,7.0,11.80000019,6.0,2.0
1121275.0,1178.0,144569.0,"30-34","M",2.0,118522.0,14.0,26.81999981,2.0,1.0
1121276.0,1178.0,144569.0,"30-34","M",2.0,240123.0,38.0,65.67000115,5.0,4.0
1121277.0,1178.0,144570.0,"30-34","M",7.0,169108.0,20.0,32.24000025,2.0,1.0
1121278.0,1178.0,144570.0,"30-34","M",7.0,1044442.0,142.0,245.5999999,22.0,8.0
1121279.0,1178.0,144570.0,"30-34","M",7.0,93891.0,11.0,17.6400001,5.0,3.0
1121282.0,1178.0,144570.0,"30-34","M",7.0,185823.0,25.0,38.54999936,4.0,1.0
1121284.0,1178.0,144571.0,"30-34","M",66.0,175631.0,23.0,40.75999951,1.0,0.0
1121285.0,1178.0,144571.0,"30-34","M",66.0,37187.0,4.0,6.370000005,1.0,0.0
1121286.0,1178.0,144571.0,"30-34","M",66.0,10991.0,0.0,0.0,1.0,0.0
1121287.0,1178.0,144571.0,"30-34","M",66.0,344618.0,51.0,89.76000047,3.0,1.0
1121289.0,1178.0,144572.0,"35-39","M",10.0,98066.0,9.0,16.1500001,1.0,0.0
1121290.0,1178.0,144572.0,"35-39","M",10.0,770749.0,100.0,189.1299984,13.0,3.0
1121291.0,1178.0,144572.0,"35-39","M",10.0,52553.0,5.0,8.529999852,1.0,0.0
1121292.0,1178.0,144572.0,"35-39","M",10.0,362296.0,39.0,67.77000129,7.0,3.0
1121293.0,1178.0,144572.0,"35-39","M",10.0,427729.0,50.0,96.8999989,4.0,1.0
1121296.0,1178.0,144573.0,"35-39","M",15.0,180351.0,21.0,37.13000011,1.0,1.0
1121297.0,1178.0,144573.0,"35-39","M",15.0,187329.0,29.0,53.15999961,2.0,1.0
1121300.0,1178.0,144573.0,"35-39","M",15.0,782894.0,118.0,192.9299995,5.0,2.0
1121302.0,1178.0,144574.0,"35-39","M",16.0,1206533.0,128.0,236.1199988,17.0,6.0
1121303.0,1178.0,144574.0,"35-39","M",16.0,84494.0,7.0,12.57000017,2.0,0.0
1121304.0,1178.0,144574.0,"35-39","M",16.0,94257.0,7.0,12.5800004,1.0,1.0
1121309.0,1178.0,144575.0,"35-39","M",18.0,131060.0,16.0,28.04999959,2.0,1.0
1121310.0,1178.0,144575.0,"35-39","M",18.0,341603.0,50.0,83.48000121,4.0,2.0
1121311.0,1178.0,144575.0,"35-39","M",18.0,140749.0,19.0,30.4799999,1.0,1.0
1121312.0,1178.0,144575.0,"35-39","M",18.0,102525.0,13.0,20.29999983,2.0,1.0
1121316.0,1178.0,144576.0,"35-39","M",19.0,447952.0,68.0,131.5799983,8.0,1.0
1121317.0,1178.0,144576.0,"35-39","M",19.0,76355.0,9.0,14.62999988,2.0,0.0
1121319.0,1178.0,144577.0,"35-39","M",20.0,256598.0,38.0,64.46999931,6.0,1.0
1121321.0,1178.0,144577.0,"35-39","M",20.0,127476.0,21.0,30.15000057,3.0,2.0
1121322.0,1178.0,144577.0,"35-39","M",20.0,237603.0,37.0,62.25000024,5.0,2.0
1121327.0,1178.0,144578.0,"35-39","M",21.0,271091.0,42.0,78.03999984,3.0,1.0
1121330.0,1178.0,144578.0,"35-39","M",21.0,21743.0,2.0,3.400000095,1.0,0.0
1121333.0,1178.0,144579.0,"35-39","M",22.0,88970.0,10.0,14.8300004,2.0,0.0
1121334.0,1178.0,144579.0,"35-39","M",22.0,108362.0,13.0,22.42999983,1.0,1.0
1121335.0,1178.0,144579.0,"35-39","M",22.0,188596.0,27.0,44.14000034,3.0,0.0
1121336.0,1178.0,144579.0,"35-39","M",22.0,275080.0,43.0,69.65999997,4.0,3.0
1121337.0,1178.0,144580.0,"35-39","M",23.0,64647.0,10.0,16.26999998,1.0,0.0
1121338.0,1178.0,144580.0,"35-39","M",23.0,31265.0,4.0,5.789999902,1.0,0.0
1121340.0,1178.0,144580.0,"35-39","M",23.0,140147.0,24.0,42.08000016,2.0,0.0
1121341.0,1178.0,144580.0,"35-39","M",23.0,223120.0,40.0,67.66999984,1.0,0.0
1121342.0,1178.0,144580.0,"35-39","M",23.0,104869.0,18.0,34.07000089,1.0,0.0
1121344.0,1178.0,144581.0,"35-39","M",24.0,165177.0,23.0,41.71999967,4.0,1.0
1121345.0,1178.0,144581.0,"35-39","M",24.0,84194.0,11.0,19.56999981,1.0,0.0
1121347.0,1178.0,144581.0,"35-39","M",24.0,220581.0,31.0,57.37,1.0,1.0
1121350.0,1178.0,144582.0,"35-39","M",25.0,75804.0,10.0,17.36999965,2.0,1.0
1121352.0,1178.0,144582.0,"35-39","M",25.0,368986.0,59.0,100.289999,0.0,0.0
1121353.0,1178.0,144582.0,"35-39","M",25.0,28194.0,3.0,3.709999919,2.0,0.0
1121355.0,1178.0,144583.0,"35-39","M",26.0,99961.0,14.0,23.2099998,1.0,0.0
1121359.0,1178.0,144583.0,"35-39","M",26.0,7573.0,0.0,0.0,1.0,0.0
1121361.0,1178.0,144584.0,"35-39","M",27.0,685781.0,103.0,177.8899992,10.0,1.0
1121364.0,1178.0,144584.0,"35-39","M",27.0,274222.0,43.0,66.7700001,2.0,1.0
1121365.0,1178.0,144584.0,"35-39","M",27.0,110503.0,25.0,32.67999995,4.0,0.0
1121367.0,1178.0,144585.0,"35-39","M",28.0,1447755.0,233.0,420.5799983,11.0,8.0
1121368.0,1178.0,144585.0,"35-39","M",28.0,358987.0,52.0,87.55000067,1.0,0.0
1121369.0,1178.0,144585.0,"35-39","M",28.0,826205.0,125.0,232.3700008,5.0,1.0
1121370.0,1178.0,144585.0,"35-39","M",28.0,550954.0,84.0,150.1400012,3.0,0.0
1121372.0,1178.0,144585.0,"35-39","M",28.0,378350.0,55.0,96.48000073,4.0,0.0
1121373.0,1178.0,144586.0,"35-39","M",29.0,492784.0,56.0,95.5100013,7.0,4.0
1121374.0,1178.0,144586.0,"35-39","M",29.0,327158.0,43.0,72.3100003,6.0,2.0
1121375.0,1178.0,144586.0,"35-39","M",29.0,9921.0,0.0,0.0,1.0,0.0
1121377.0,1178.0,144586.0,"35-39","M",29.0,59390.0,5.0,9.209999919,5.0,3.0
1121378.0,1178.0,144586.0,"35-39","M",29.0,1040330.0,147.0,254.2500038,13.0,2.0
1121379.0,1178.0,144587.0,"35-39","M",30.0,49422.0,6.0,11.17000031,1.0,0.0
1121380.0,1178.0,144587.0,"35-39","M",30.0,131091.0,18.0,34.23000026,3.0,1.0
1121381.0,1178.0,144587.0,"35-39","M",30.0,95691.0,15.0,25.26000011,1.0,1.0
1121390.0,1178.0,144588.0,"35-39","M",31.0,15513.0,1.0,1.289999962,1.0,0.0
1121391.0,1178.0,144589.0,"35-39","M",32.0,382537.0,63.0,113.9900012,4.0,3.0
1121394.0,1178.0,144589.0,"35-39","M",32.0,461356.0,64.0,121.0999982,6.0,3.0
1121395.0,1178.0,144589.0,"35-39","M",32.0,392541.0,53.0,98.70000017,3.0,2.0
1121398.0,1178.0,144590.0,"35-39","M",36.0,35088.0,5.0,8.800000072,1.0,1.0
1121400.0,1178.0,144590.0,"35-39","M",36.0,53933.0,6.0,9.929999948,3.0,1.0
1121403.0,1178.0,144591.0,"35-39","M",63.0,228861.0,33.0,53.38999939,4.0,2.0
1121405.0,1178.0,144591.0,"35-39","M",63.0,20959.0,2.0,3.769999981,1.0,1.0
1121410.0,1178.0,144592.0,"35-39","M",64.0,24992.0,2.0,3.190000057,1.0,0.0
1121411.0,1178.0,144592.0,"35-39","M",64.0,100351.0,15.0,24.17999995,2.0,1.0
1121412.0,1178.0,144592.0,"35-39","M",64.0,292448.0,43.0,76.89999968,2.0,1.0
1121413.0,1178.0,144592.0,"35-39","M",64.0,65060.0,7.0,14.5200001,1.0,1.0
1121414.0,1178.0,144592.0,"35-39","M",64.0,133316.0,21.0,36.17000055,2.0,0.0
1121415.0,1178.0,144593.0,"35-39","M",65.0,113501.0,26.0,38.44000077,5.0,4.0
1121418.0,1178.0,144593.0,"35-39","M",65.0,192810.0,41.0,61.92999995,4.0,3.0
1121421.0,1178.0,144594.0,"35-39","M",2.0,233404.0,43.0,70.4100008,2.0,1.0
1121422.0,1178.0,144594.0,"35-39","M",2.0,128843.0,24.0,37.5999999,2.0,0.0
1121423.0,1178.0,144594.0,"35-39","M",2.0,63564.0,12.0,20.59000027,2.0,0.0
1121425.0,1178.0,144594.0,"35-39","M",2.0,85970.0,14.0,24.78000021,1.0,1.0
1121428.0,1178.0,144595.0,"35-39","M",7.0,131232.0,16.0,29.53999937,1.0,1.0
1121429.0,1178.0,144595.0,"35-39","M",7.0,152454.0,22.0,37.84999979,1.0,1.0
1121430.0,1178.0,144595.0,"35-39","M",7.0,28989.0,2.0,2.290000021,1.0,0.0
1121433.0,1178.0,144596.0,"35-39","M",66.0,80248.0,15.0,24.1900003,1.0,1.0
1121437.0,1178.0,144596.0,"35-39","M",66.0,38580.0,5.0,8.519999981,1.0,0.0
1121439.0,1178.0,144597.0,"40-44","M",10.0,621591.0,91.0,163.36,5.0,1.0
1121440.0,1178.0,144597.0,"40-44","M",10.0,250499.0,36.0,58.14000005,3.0,1.0
1121442.0,1178.0,144597.0,"40-44","M",10.0,131637.0,18.0,29.30999982,2.0,1.0
1121443.0,1178.0,144597.0,"40-44","M",10.0,463813.0,69.0,116.3399996,4.0,2.0
1121444.0,1178.0,144597.0,"40-44","M",10.0,211767.0,35.0,60.89999914,5.0,1.0
1121446.0,1178.0,144598.0,"40-44","M",15.0,163181.0,26.0,40.02000093,1.0,1.0
1121451.0,1178.0,144599.0,"40-44","M",16.0,1117385.0,147.0,260.0699984,11.0,2.0
1121452.0,1178.0,144599.0,"40-44","M",16.0,1663441.0,205.0,359.4700001,17.0,6.0
1121453.0,1178.0,144599.0,"40-44","M",16.0,455248.0,54.0,105.7099996,5.0,2.0
1121454.0,1178.0,144599.0,"40-44","M",16.0,75589.0,6.0,10.66000009,1.0,1.0
1121455.0,1178.0,144599.0,"40-44","M",16.0,594267.0,82.0,143.3000009,3.0,2.0
1121456.0,1178.0,144599.0,"40-44","M",16.0,315281.0,35.0,65.02999854,1.0,0.0
1121464.0,1178.0,144601.0,"40-44","M",19.0,363456.0,71.0,117.5599997,7.0,1.0
1121466.0,1178.0,144601.0,"40-44","M",19.0,438983.0,81.0,143.4300001,3.0,1.0
1121467.0,1178.0,144601.0,"40-44","M",19.0,42563.0,5.0,9.659999847,1.0,1.0
1121469.0,1178.0,144602.0,"40-44","M",20.0,399035.0,75.0,124.7999995,7.0,3.0
1121471.0,1178.0,144602.0,"40-44","M",20.0,304680.0,59.0,98.55000019,3.0,0.0
1121472.0,1178.0,144602.0,"40-44","M",20.0,140596.0,23.0,40.77000022,1.0,0.0
1121473.0,1178.0,144602.0,"40-44","M",20.0,439986.0,80.0,134.8799999,4.0,3.0
1121474.0,1178.0,144602.0,"40-44","M",20.0,75803.0,11.0,19.3599999,2.0,2.0
1121477.0,1178.0,144603.0,"40-44","M",21.0,7073.0,0.0,0.0,1.0,0.0
1121481.0,1178.0,144604.0,"40-44","M",22.0,153586.0,28.0,43.01000035,2.0,0.0
1121482.0,1178.0,144604.0,"40-44","M",22.0,180815.0,31.0,42.62999976,1.0,0.0
1121483.0,1178.0,144604.0,"40-44","M",22.0,253169.0,51.0,75.78999984,1.0,0.0
1121484.0,1178.0,144604.0,"40-44","M",22.0,34453.0,5.0,7.710000038,1.0,1.0
1121487.0,1178.0,144605.0,"40-44","M",23.0,51550.0,8.0,14.03999984,1.0,0.0
1121489.0,1178.0,144605.0,"40-44","M",23.0,110018.0,24.0,39.85999966,1.0,0.0
1121493.0,1178.0,144606.0,"40-44","M",24.0,137584.0,21.0,36.77999961,1.0,0.0
1121497.0,1178.0,144606.0,"40-44","M",24.0,209825.0,30.0,54.86999953,1.0,0.0
1121499.0,1178.0,144607.0,"40-44","M",25.0,264222.0,63.0,87.7899996,1.0,1.0
1121510.0,1178.0,144608.0,"40-44","M",26.0,31202.0,5.0,6.730000019,1.0,0.0
1121511.0,1178.0,144609.0,"40-44","M",27.0,252991.0,49.0,76.83999932,3.0,0.0
1121514.0,1178.0,144609.0,"40-44","M",27.0,56265.0,9.0,15.53999972,1.0,0.0
1121523.0,1178.0,144611.0,"40-44","M",29.0,76923.0,11.0,17.67000008,2.0,2.0
1121524.0,1178.0,144611.0,"40-44","M",29.0,209332.0,30.0,49.60000014,3.0,1.0
1121525.0,1178.0,144611.0,"40-44","M",29.0,214094.0,31.0,53.26999903,1.0,0.0
1121526.0,1178.0,144611.0,"40-44","M",29.0,526209.0,85.0,126.9299996,3.0,2.0
1121527.0,1178.0,144611.0,"40-44","M",29.0,741143.0,120.0,179.620001,4.0,1.0
1121528.0,1178.0,144611.0,"40-44","M",29.0,172827.0,25.0,38.42000043,2.0,0.0
1121530.0,1178.0,144612.0,"40-44","M",30.0,188873.0,38.0,58.5999999,1.0,1.0
1121532.0,1178.0,144612.0,"40-44","M",30.0,123126.0,25.0,39.72999978,2.0,1.0
1121535.0,1178.0,144613.0,"40-44","M",31.0,77794.0,14.0,19.11000001,1.0,1.0
1121541.0,1178.0,144614.0,"40-44","M",32.0,56630.0,9.0,15.81000018,1.0,1.0
1121544.0,1178.0,144614.0,"40-44","M",32.0,400844.0,85.0,140.9700022,4.0,2.0
1121545.0,1178.0,144614.0,"40-44","M",32.0,208572.0,36.0,60.76000023,2.0,1.0
1121548.0,1178.0,144615.0,"40-44","M",36.0,59004.0,8.0,13.51000011,1.0,0.0
1121551.0,1178.0,144615.0,"40-44","M",36.0,196253.0,32.0,55.10000002,1.0,0.0
1121554.0,1178.0,144616.0,"40-44","M",63.0,51858.0,8.0,12.63000011,1.0,1.0
1121557.0,1178.0,144616.0,"40-44","M",63.0,280764.0,49.0,81.36000025,2.0,1.0
1121561.0,1178.0,144617.0,"40-44","M",64.0,63660.0,11.0,16.47000003,1.0,1.0
1121562.0,1178.0,144617.0,"40-44","M",64.0,109289.0,19.0,31.02999997,1.0,0.0
1121568.0,1178.0,144618.0,"40-44","M",65.0,188440.0,40.0,60.72999966,2.0,1.0
1121571.0,1178.0,144619.0,"40-44","M",2.0,212496.0,44.0,74.83000135,2.0,1.0
1121572.0,1178.0,144619.0,"40-44","M",2.0,32574.0,5.0,7.480000019,1.0,0.0
1121575.0,1178.0,144619.0,"40-44","M",2.0,128595.0,23.0,36.4800005,1.0,1.0
1121577.0,1178.0,144620.0,"40-44","M",7.0,242234.0,48.0,68.06000054,2.0,0.0
1121584.0,1178.0,144621.0,"40-44","M",66.0,33154.0,5.0,7.879999995,1.0,1.0
1121585.0,1178.0,144621.0,"40-44","M",66.0,9773.0,1.0,1.460000038,1.0,0.0
1121589.0,1178.0,144622.0,"45-49","M",10.0,464036.0,77.0,123.5500004,3.0,1.0
1121590.0,1178.0,144622.0,"45-49","M",10.0,478480.0,75.0,135.7500012,3.0,1.0
1121592.0,1178.0,144622.0,"45-49","M",10.0,428812.0,66.0,116.8800001,4.0,2.0
1121593.0,1178.0,144622.0,"45-49","M",10.0,1177535.0,221.0,365.6600009,15.0,3.0
1121594.0,1178.0,144622.0,"45-49","M",10.0,426500.0,72.0,128.2799988,4.0,1.0
1121597.0,1178.0,144623.0,"45-49","M",15.0,54237.0,7.0,10.77999985,2.0,1.0
1121598.0,1178.0,144623.0,"45-49","M",15.0,506916.0,89.0,133.6999986,2.0,2.0
1121599.0,1178.0,144623.0,"45-49","M",15.0,250960.0,42.0,64.87999952,2.0,0.0
1121601.0,1178.0,144624.0,"45-49","M",16.0,2286228.0,353.0,603.380002,16.0,7.0
1121602.0,1178.0,144624.0,"45-49","M",16.0,915451.0,125.0,220.559999,6.0,1.0
1121603.0,1178.0,144624.0,"45-49","M",16.0,159478.0,20.0,33.89999998,3.0,1.0
1121605.0,1178.0,144624.0,"45-49","M",16.0,1228924.0,190.0,318.9700032,6.0,3.0
1121606.0,1178.0,144624.0,"45-49","M",16.0,938283.0,134.0,248.6400001,7.0,2.0
1121607.0,1178.0,144625.0,"45-49","M",18.0,154572.0,26.0,40.93000007,1.0,1.0
1121609.0,1178.0,144625.0,"45-49","M",18.0,378171.0,70.0,109.2500008,1.0,0.0
1121612.0,1178.0,144625.0,"45-49","M",18.0,468749.0,84.0,134.1199975,6.0,1.0
1121613.0,1178.0,144626.0,"45-49","M",19.0,309823.0,60.0,103.3899996,4.0,4.0
1121615.0,1178.0,144626.0,"45-49","M",19.0,327227.0,65.0,116.5599996,5.0,0.0
1121616.0,1178.0,144626.0,"45-49","M",19.0,334945.0,72.0,120.2999994,2.0,1.0
1121617.0,1178.0,144626.0,"45-49","M",19.0,68859.0,15.0,25.45999968,1.0,0.0
1121619.0,1178.0,144627.0,"45-49","M",20.0,127125.0,20.0,35.67999983,2.0,0.0
1121620.0,1178.0,144627.0,"45-49","M",20.0,415798.0,80.0,131.7800006,3.0,1.0
1121622.0,1178.0,144627.0,"45-49","M",20.0,107671.0,20.0,29.91000021,1.0,1.0
1121623.0,1178.0,144627.0,"45-49","M",20.0,164356.0,28.0,46.7900002,2.0,1.0
1121624.0,1178.0,144627.0,"45-49","M",20.0,17662.0,2.0,3.189999938,1.0,0.0
1121627.0,1178.0,144628.0,"45-49","M",21.0,65339.0,10.0,16.67999983,2.0,0.0
1121628.0,1178.0,144628.0,"45-49","M",21.0,59838.0,7.0,11.11000013,1.0,0.0
1121629.0,1178.0,144628.0,"45-49","M",21.0,381577.0,81.0,127.5699993,2.0,0.0
1121635.0,1178.0,144629.0,"45-49","M",22.0,45491.0,8.0,11.00999999,1.0,0.0
1121638.0,1178.0,144630.0,"45-49","M",23.0,18946.0,2.0,3.599999905,1.0,0.0
1121641.0,1178.0,144630.0,"45-49","M",23.0,114370.0,18.0,33.65999997,1.0,0.0
1121642.0,1178.0,144630.0,"45-49","M",23.0,99698.0,21.0,33.3499999,1.0,0.0
1121644.0,1178.0,144631.0,"45-49","M",24.0,355165.0,81.0,128.6099997,4.0,3.0
1121650.0,1178.0,144632.0,"45-49","M",25.0,101431.0,23.0,33.93000031,1.0,1.0
1121652.0,1178.0,144632.0,"45-49","M",25.0,123151.0,24.0,36.4400003,2.0,1.0
1121660.0,1178.0,144633.0,"45-49","M",26.0,24078.0,4.0,5.769999981,1.0,0.0
1121661.0,1178.0,144634.0,"45-49","M",27.0,517801.0,105.0,181.7200011,3.0,0.0
1121662.0,1178.0,144634.0,"45-49","M",27.0,145104.0,25.0,41.42000008,2.0,1.0
1121664.0,1178.0,144634.0,"45-49","M",27.0,179950.0,35.0,58.67999971,1.0,0.0
1121665.0,1178.0,144634.0,"45-49","M",27.0,258531.0,46.0,80.33999979,2.0,0.0
1121666.0,1178.0,144634.0,"45-49","M",27.0,272500.0,62.0,104.4599996,3.0,0.0
1121667.0,1178.0,144635.0,"45-49","M",28.0,273197.0,57.0,87.7300005,3.0,0.0
1121668.0,1178.0,144635.0,"45-49","M",28.0,775904.0,172.0,253.990002,4.0,2.0
1121669.0,1178.0,144635.0,"45-49","M",28.0,120251.0,26.0,39.44000006,1.0,0.0
1121671.0,1178.0,144635.0,"45-49","M",28.0,139406.0,24.0,39.04999948,1.0,0.0
1121672.0,1178.0,144635.0,"45-49","M",28.0,60314.0,11.0,16.93999958,2.0,1.0
1121673.0,1178.0,144636.0,"45-49","M",29.0,563074.0,86.0,142.7099985,4.0,2.0
1121674.0,1178.0,144636.0,"45-49","M",29.0,168655.0,18.0,27.29999983,2.0,0.0
1121675.0,1178.0,144636.0,"45-49","M",29.0,111963.0,17.0,29.3799994,2.0,1.0
1121676.0,1178.0,144636.0,"45-49","M",29.0,1026304.0,168.0,277.5799986,17.0,8.0
1121677.0,1178.0,144636.0,"45-49","M",29.0,1391924.0,258.0,422.8400038,17.0,10.0
1121678.0,1178.0,144636.0,"45-49","M",29.0,147551.0,22.0,38.50000083,1.0,0.0
1121685.0,1178.0,144638.0,"45-49","M",31.0,66794.0,9.0,17.3299998,1.0,1.0
1121687.0,1178.0,144638.0,"45-49","M",31.0,118882.0,19.0,32.30999994,2.0,1.0
1121689.0,1178.0,144638.0,"45-49","M",31.0,148010.0,24.0,41.96999943,1.0,0.0
1121691.0,1178.0,144639.0,"45-49","M",32.0,932890.0,197.0,352.4499989,3.0,1.0
1121692.0,1178.0,144639.0,"45-49","M",32.0,718359.0,147.0,264.5899997,4.0,1.0
1121693.0,1178.0,144639.0,"45-49","M",32.0,433658.0,82.0,158.5999998,5.0,2.0
1121695.0,1178.0,144639.0,"45-49","M",32.0,29455.0,3.0,4.769999981,1.0,0.0
1121701.0,1178.0,144640.0,"45-49","M",36.0,23973.0,3.0,4.820000052,1.0,1.0
1121705.0,1178.0,144641.0,"45-49","M",63.0,126480.0,25.0,37.25999999,1.0,1.0
1121706.0,1178.0,144641.0,"45-49","M",63.0,138959.0,28.0,39.5200007,1.0,0.0
1121708.0,1178.0,144641.0,"45-49","M",63.0,68829.0,12.0,19.47999978,1.0,0.0
1121711.0,1178.0,144642.0,"45-49","M",64.0,49916.0,10.0,16.38,1.0,1.0
1121716.0,1178.0,144643.0,"45-49","M",65.0,76014.0,16.0,22.67000031,1.0,1.0
1121723.0,1178.0,144644.0,"45-49","M",2.0,50947.0,10.0,15.99000025,1.0,0.0
1121733.0,1178.0,144646.0,"45-49","M",66.0,55536.0,11.0,17.04999995,1.0,0.0
1121741.0,1178.0,144647.0,"30-34","F",10.0,318042.0,46.0,64.40999997,8.0,4.0
1121742.0,1178.0,144647.0,"30-34","F",10.0,213016.0,30.0,44.21999955,8.0,2.0
1121745.0,1178.0,144648.0,"30-34","F",15.0,182265.0,27.0,38.18000007,2.0,1.0
1121746.0,1178.0,144648.0,"30-34","F",15.0,1117371.0,177.0,268.050002,26.0,5.0
1121749.0,1178.0,144648.0,"30-34","F",15.0,333345.0,52.0,77.59000027,5.0,1.0
1121751.0,1178.0,144649.0,"30-34","F",16.0,275930.0,30.0,46.77999997,5.0,2.0
1121753.0,1178.0,144649.0,"30-34","F",16.0,740631.0,101.0,153.1199975,9.0,1.0
1121754.0,1178.0,144649.0,"30-34","F",16.0,328272.0,35.0,55.99000025,2.0,1.0
1121755.0,1178.0,144649.0,"30-34","F",16.0,178455.0,20.0,31.5400002,6.0,3.0
1121756.0,1178.0,144649.0,"30-34","F",16.0,705712.0,98.0,147.339999,6.0,1.0
1121758.0,1178.0,144650.0,"30-34","F",18.0,690373.0,91.0,159.5700021,5.0,2.0
1121759.0,1178.0,144650.0,"30-34","F",18.0,515812.0,69.0,117.6299995,3.0,1.0
1121760.0,1178.0,144650.0,"30-34","F",18.0,764793.0,101.0,171.9799976,4.0,2.0
1121763.0,1178.0,144651.0,"30-34","F",19.0,87832.0,11.0,18.10000038,1.0,1.0
1121764.0,1178.0,144651.0,"30-34","F",19.0,23368.0,3.0,4.300000191,1.0,0.0
1121765.0,1178.0,144651.0,"30-34","F",19.0,51509.0,7.0,11.57000005,1.0,0.0
1121767.0,1178.0,144651.0,"30-34","F",19.0,87043.0,16.0,24.48000002,2.0,0.0
1121768.0,1178.0,144651.0,"30-34","F",19.0,565565.0,113.0,169.6699982,7.0,4.0
1121769.0,1178.0,144652.0,"30-34","F",20.0,253758.0,43.0,62.14000034,4.0,1.0
1121773.0,1178.0,144652.0,"30-34","F",20.0,319131.0,51.0,76.68000025,6.0,1.0
1121774.0,1178.0,144652.0,"30-34","F",20.0,670608.0,130.0,195.1499978,11.0,3.0
1121775.0,1178.0,144653.0,"30-34","F",21.0,159123.0,25.0,38.36000013,5.0,3.0
1121776.0,1178.0,144653.0,"30-34","F",21.0,103709.0,15.0,24.56999969,3.0,1.0
1121779.0,1178.0,144653.0,"30-34","F",21.0,271589.0,45.0,74.41000032,9.0,3.0
1121780.0,1178.0,144653.0,"30-34","F",21.0,119772.0,20.0,33.46999907,5.0,2.0
1121782.0,1178.0,144654.0,"30-34","F",22.0,26340.0,3.0,4.220000029,1.0,1.0
1121783.0,1178.0,144654.0,"30-34","F",22.0,594968.0,111.0,147.6700006,4.0,0.0
1121791.0,1178.0,144655.0,"30-34","F",23.0,6838.0,0.0,0.0,1.0,0.0
1121793.0,1178.0,144656.0,"30-34","F",24.0,185665.0,39.0,62.14000058,1.0,0.0
1121795.0,1178.0,144656.0,"30-34","F",24.0,24959.0,3.0,4.560000062,1.0,1.0
1121796.0,1178.0,144656.0,"30-34","F",24.0,136967.0,23.0,35.05999982,3.0,1.0
1121798.0,1178.0,144656.0,"30-34","F",24.0,107548.0,19.0,29.31000018,1.0,0.0
1121803.0,1178.0,144657.0,"30-34","F",25.0,588617.0,119.0,169.9199973,2.0,0.0
1121806.0,1178.0,144658.0,"30-34","F",26.0,190560.0,26.0,41.63,3.0,1.0
1121807.0,1178.0,144658.0,"30-34","F",26.0,373110.0,49.0,75.70000076,4.0,2.0
1121812.0,1178.0,144659.0,"30-34","F",27.0,935646.0,170.0,256.4699982,19.0,6.0
1121814.0,1178.0,144659.0,"30-34","F",27.0,2223278.0,421.0,612.3000032,38.0,13.0
1121815.0,1178.0,144659.0,"30-34","F",27.0,240497.0,36.0,51.84000087,1.0,0.0
1121816.0,1178.0,144659.0,"30-34","F",27.0,259984.0,37.0,54.7900002,5.0,0.0
1121817.0,1178.0,144660.0,"30-34","F",28.0,606786.0,127.0,179.050001,11.0,3.0
1121818.0,1178.0,144660.0,"30-34","F",28.0,83270.0,13.0,17.74000001,1.0,0.0
1121819.0,1178.0,144660.0,"30-34","F",28.0,1189509.0,268.0,375.7199963,7.0,3.0
1121820.0,1178.0,144660.0,"30-34","F",28.0,11471.0,1.0,1.570000052,0.0,0.0
1121824.0,1178.0,144661.0,"30-34","F",29.0,1705246.0,295.0,429.4799981,23.0,10.0
1121826.0,1178.0,144661.0,"30-34","F",29.0,418016.0,63.0,95.8500005,3.0,1.0
1121827.0,1178.0,144661.0,"30-34","F",29.0,30155.0,3.0,3.819999933,1.0,0.0
1121828.0,1178.0,144661.0,"30-34","F",29.0,990404.0,153.0,226.5399992,12.0,6.0
1121829.0,1178.0,144662.0,"30-34","F",30.0,187468.0,34.0,50.72000062,2.0,1.0
1121832.0,1178.0,144662.0,"30-34","F",30.0,208301.0,33.0,54.57000089,1.0,0.0
1121833.0,1178.0,144662.0,"30-34","F",30.0,101856.0,16.0,25.22000039,4.0,1.0
1121835.0,1178.0,144663.0,"30-34","F",31.0,48935.0,7.0,9.970000267,1.0,1.0
1121839.0,1178.0,144663.0,"30-34","F",31.0,13911.0,1.0,1.730000019,1.0,1.0
1121841.0,1178.0,144664.0,"30-34","F",32.0,511726.0,77.0,123.0900019,8.0,4.0
1121843.0,1178.0,144664.0,"30-34","F",32.0,177452.0,24.0,37.83000016,2.0,0.0
1121844.0,1178.0,144664.0,"30-34","F",32.0,149808.0,20.0,33.03999937,1.0,1.0
1121845.0,1178.0,144664.0,"30-34","F",32.0,390339.0,60.0,105.0199997,9.0,6.0
1121846.0,1178.0,144664.0,"30-34","F",32.0,8350.0,0.0,0.0,1.0,0.0
1121847.0,1178.0,144665.0,"30-34","F",36.0,39339.0,4.0,5.929999948,1.0,0.0
1121854.0,1178.0,144666.0,"30-34","F",63.0,8587.0,0.0,0.0,1.0,0.0
1121855.0,1178.0,144666.0,"30-34","F",63.0,24893.0,2.0,3.75,1.0,0.0
1121856.0,1178.0,144666.0,"30-34","F",63.0,1296189.0,212.0,343.2599944,14.0,4.0
1121857.0,1178.0,144666.0,"30-34","F",63.0,91607.0,12.0,19.1899997,2.0,1.0
1121859.0,1178.0,144667.0,"30-34","F",64.0,238036.0,38.0,61.02999771,6.0,3.0
1121860.0,1178.0,144667.0,"30-34","F",64.0,254344.0,35.0,56.16999996,2.0,1.0
1121861.0,1178.0,144667.0,"30-34","F",64.0,157705.0,23.0,39.23000026,2.0,0.0
1121862.0,1178.0,144667.0,"30-34","F",64.0,411571.0,60.0,99.1799984,6.0,1.0
1121863.0,1178.0,144667.0,"30-34","F",64.0,94136.0,11.0,16.17999971,1.0,0.0
1121867.0,1178.0,144668.0,"30-34","F",65.0,82640.0,16.0,23.97000039,1.0,1.0
1121869.0,1178.0,144668.0,"30-34","F",65.0,17870.0,2.0,2.620000005,1.0,1.0
1121871.0,1178.0,144669.0,"30-34","F",2.0,19178.0,2.0,2.779999971,1.0,1.0
1121873.0,1178.0,144669.0,"30-34","F",2.0,5264.0,0.0,0.0,1.0,0.0
1121874.0,1178.0,144669.0,"30-34","F",2.0,145548.0,28.0,42.37000036,2.0,1.0
1121876.0,1178.0,144669.0,"30-34","F",2.0,82455.0,15.0,22.04999971,1.0,0.0
1121877.0,1178.0,144670.0,"30-34","F",7.0,44189.0,7.0,10.31999981,2.0,0.0
1121878.0,1178.0,144670.0,"30-34","F",7.0,45199.0,7.0,9.809999943,1.0,0.0
1121881.0,1178.0,144670.0,"30-34","F",7.0,221843.0,43.0,63.45000076,5.0,0.0
1121888.0,1178.0,144671.0,"30-34","F",66.0,41672.0,6.0,10.54999995,2.0,1.0
1121889.0,1178.0,144672.0,"35-39","F",10.0,127546.0,25.0,38.94000041,2.0,0.0
1121890.0,1178.0,144672.0,"35-39","F",10.0,127865.0,28.0,38.02999961,3.0,1.0
1121891.0,1178.0,144672.0,"35-39","F",10.0,1025327.0,229.0,314.2999983,16.0,2.0
1121894.0,1178.0,144672.0,"35-39","F",10.0,561415.0,124.0,173.76,3.0,0.0
1121895.0,1178.0,144673.0,"35-39","F",15.0,132803.0,25.0,37.32000124,2.0,1.0
1121897.0,1178.0,144673.0,"35-39","F",15.0,24664.0,2.0,2.629999995,1.0,1.0
1121901.0,1178.0,144674.0,"35-39","F",16.0,1020561.0,172.0,263.8100007,7.0,3.0
1121902.0,1178.0,144674.0,"35-39","F",16.0,682143.0,114.0,177.1099993,6.0,2.0
1121903.0,1178.0,144674.0,"35-39","F",16.0,1247717.0,222.0,343.4199994,11.0,4.0
1121904.0,1178.0,144674.0,"35-39","F",16.0,146406.0,23.0,33.22999942,1.0,1.0
1121905.0,1178.0,144674.0,"35-39","F",16.0,905699.0,161.0,234.6599982,4.0,1.0
1121906.0,1178.0,144674.0,"35-39","F",16.0,1184580.0,194.0,297.8299981,14.0,3.0
1121907.0,1178.0,144675.0,"35-39","F",18.0,98057.0,20.0,31.00999963,1.0,1.0
1121917.0,1178.0,144676.0,"35-39","F",19.0,238735.0,56.0,84.65999889,4.0,1.0
1121918.0,1178.0,144676.0,"35-39","F",19.0,320657.0,77.0,115.8800026,2.0,0.0
1121925.0,1178.0,144678.0,"35-39","F",21.0,244074.0,57.0,84.51000023,4.0,2.0
1121928.0,1178.0,144678.0,"35-39","F",21.0,39146.0,8.0,13.05999959,1.0,0.0
1121931.0,1178.0,144679.0,"35-39","F",22.0,78468.0,15.0,23.64999962,1.0,0.0
1121933.0,1178.0,144679.0,"35-39","F",22.0,325653.0,63.0,89.35000026,2.0,0.0
1121935.0,1178.0,144679.0,"35-39","F",22.0,66277.0,12.0,17.30000019,1.0,0.0
1121936.0,1178.0,144679.0,"35-39","F",22.0,93002.0,16.0,23.33999968,1.0,0.0
1121944.0,1178.0,144681.0,"35-39","F",24.0,109723.0,27.0,40.9600004,1.0,0.0
1121948.0,1178.0,144681.0,"35-39","F",24.0,118941.0,35.0,50.11000001,4.0,1.0
1121949.0,1178.0,144682.0,"35-39","F",25.0,221576.0,47.0,66.79000068,6.0,1.0
1121953.0,1178.0,144682.0,"35-39","F",25.0,8341.0,1.0,1.639999986,1.0,0.0
1121954.0,1178.0,144682.0,"35-39","F",25.0,120335.0,26.0,36.2299993,2.0,0.0
1121955.0,1178.0,144683.0,"35-39","F",26.0,182098.0,40.0,62.86999989,1.0,1.0
1121956.0,1178.0,144683.0,"35-39","F",26.0,227473.0,52.0,71.58000052,1.0,1.0
1121962.0,1178.0,144684.0,"35-39","F",27.0,1050947.0,230.0,350.5099957,6.0,1.0
1121963.0,1178.0,144684.0,"35-39","F",27.0,720859.0,162.0,213.6899986,13.0,5.0
1121971.0,1178.0,144685.0,"35-39","F",28.0,41111.0,8.0,10.96000016,1.0,0.0
1121973.0,1178.0,144686.0,"35-39","F",29.0,148616.0,25.0,37.39999962,6.0,4.0
1121976.0,1178.0,144686.0,"35-39","F",29.0,707260.0,135.0,210.8200028,13.0,6.0
1121977.0,1178.0,144686.0,"35-39","F",29.0,139596.0,26.0,42.41000032,1.0,1.0
1121983.0,1178.0,144687.0,"35-39","F",30.0,105399.0,22.0,33.19999933,2.0,0.0
1121994.0,1178.0,144689.0,"35-39","F",32.0,222378.0,50.0,72.91000104,1.0,0.0
1122003.0,1178.0,144691.0,"35-39","F",63.0,975792.0,210.0,293.8800011,10.0,4.0
1122004.0,1178.0,144691.0,"35-39","F",63.0,579150.0,125.0,167.0499997,5.0,1.0
1122005.0,1178.0,144691.0,"35-39","F",63.0,449588.0,81.0,123.800001,5.0,2.0
1122006.0,1178.0,144691.0,"35-39","F",63.0,318157.0,56.0,85.70000196,3.0,0.0
1122007.0,1178.0,144691.0,"35-39","F",63.0,196967.0,43.0,65.17999971,2.0,1.0
1122011.0,1178.0,144692.0,"35-39","F",64.0,158298.0,37.0,46.43000007,4.0,1.0
1122012.0,1178.0,144692.0,"35-39","F",64.0,222739.0,55.0,68.55999959,5.0,2.0
1122022.0,1178.0,144694.0,"35-39","F",2.0,20780.0,5.0,8.189999938,1.0,0.0
1122027.0,1178.0,144695.0,"35-39","F",7.0,128616.0,33.0,48.54999948,2.0,0.0
1122039.0,1178.0,144697.0,"40-44","F",10.0,258954.0,61.0,82.27999902,1.0,0.0
1122040.0,1178.0,144697.0,"40-44","F",10.0,205289.0,48.0,71.53000104,3.0,0.0
1122041.0,1178.0,144697.0,"40-44","F",10.0,611601.0,138.0,191.419996,8.0,3.0
1122043.0,1178.0,144697.0,"40-44","F",10.0,947657.0,233.0,321.8700004,8.0,4.0
1122044.0,1178.0,144697.0,"40-44","F",10.0,233043.0,49.0,65.03000033,2.0,0.0
1122047.0,1178.0,144698.0,"40-44","F",15.0,582725.0,142.0,194.8099988,9.0,2.0
1122052.0,1178.0,144699.0,"40-44","F",16.0,265038.0,51.0,78.45999932,2.0,1.0
1122054.0,1178.0,144699.0,"40-44","F",16.0,222273.0,39.0,53.62999868,6.0,1.0
1122055.0,1178.0,144699.0,"40-44","F",16.0,797234.0,170.0,243.7699978,4.0,1.0
1122056.0,1178.0,144699.0,"40-44","F",16.0,925555.0,182.0,262.8899981,4.0,2.0
1122058.0,1178.0,144700.0,"40-44","F",18.0,22210.0,3.0,4.050000191,1.0,1.0
1122075.0,1178.0,144703.0,"40-44","F",21.0,46391.0,11.0,16.40999985,3.0,1.0
1122078.0,1178.0,144703.0,"40-44","F",21.0,190477.0,42.0,66.38999987,1.0,0.0
1122079.0,1178.0,144703.0,"40-44","F",21.0,25382.0,7.0,9.609999895,1.0,0.0
1122085.0,1178.0,144704.0,"40-44","F",22.0,65726.0,17.0,22.12000012,2.0,0.0
1122089.0,1178.0,144705.0,"40-44","F",23.0,195220.0,51.0,78.06000042,1.0,0.0
1122092.0,1178.0,144705.0,"40-44","F",23.0,107501.0,27.0,40.87999928,2.0,2.0
1122101.0,1178.0,144707.0,"40-44","F",25.0,197772.0,63.0,88.21000016,7.0,2.0
1122102.0,1178.0,144707.0,"40-44","F",25.0,138154.0,35.0,48.93999863,1.0,0.0
1122103.0,1178.0,144707.0,"40-44","F",25.0,270124.0,69.0,95.84999895,2.0,0.0
1122105.0,1178.0,144708.0,"40-44","F",26.0,303971.0,77.0,106.9299998,11.0,6.0
1122107.0,1178.0,144708.0,"40-44","F",26.0,682046.0,183.0,254.419997,4.0,2.0
1122109.0,1178.0,144708.0,"40-44","F",26.0,328365.0,83.0,117.3400005,2.0,1.0
1122112.0,1178.0,144709.0,"40-44","F",27.0,1083259.0,276.0,390.2599992,11.0,0.0
1122113.0,1178.0,144709.0,"40-44","F",27.0,913929.0,245.0,340.4099993,7.0,2.0
1122118.0,1178.0,144710.0,"40-44","F",28.0,101586.0,24.0,33.47000039,2.0,1.0
1122120.0,1178.0,144710.0,"40-44","F",28.0,181053.0,46.0,66.27999985,3.0,1.0
1122121.0,1178.0,144710.0,"40-44","F",28.0,133419.0,35.0,48.18000007,2.0,1.0
1122125.0,1178.0,144711.0,"40-44","F",29.0,489573.0,113.0,156.1199993,3.0,2.0
1122127.0,1178.0,144711.0,"40-44","F",29.0,822023.0,194.0,288.3300035,6.0,0.0
1122131.0,1178.0,144712.0,"40-44","F",30.0,93176.0,29.0,40.37000024,1.0,1.0
1122138.0,1178.0,144713.0,"40-44","F",31.0,47229.0,13.0,19.27999985,1.0,0.0
1122139.0,1178.0,144713.0,"40-44","F",31.0,92263.0,24.0,34.03000015,1.0,0.0
1122140.0,1178.0,144713.0,"40-44","F",31.0,81551.0,21.0,29.67000008,1.0,0.0
1122145.0,1178.0,144714.0,"40-44","F",32.0,141037.0,32.0,47.78999913,3.0,0.0
1122146.0,1178.0,144714.0,"40-44","F",32.0,319501.0,79.0,111.6500003,0.0,0.0
1122149.0,1178.0,144715.0,"40-44","F",36.0,72741.0,19.0,24.33000016,2.0,0.0
1122154.0,1178.0,144716.0,"40-44","F",63.0,597419.0,135.0,188.5100002,2.0,1.0
1122157.0,1178.0,144716.0,"40-44","F",63.0,98768.0,21.0,33.14000034,1.0,1.0
1122160.0,1178.0,144717.0,"40-44","F",64.0,173165.0,41.0,59.85000026,1.0,0.0
1122165.0,1178.0,144718.0,"40-44","F",65.0,55823.0,13.0,21.10999966,1.0,1.0
1122166.0,1178.0,144718.0,"40-44","F",65.0,118451.0,28.0,38.35000062,4.0,1.0
1122176.0,1178.0,144719.0,"40-44","F",2.0,74424.0,22.0,30.84000027,1.0,1.0
1122177.0,1178.0,144720.0,"40-44","F",7.0,47929.0,12.0,14.58999991,1.0,1.0
1122182.0,1178.0,144720.0,"40-44","F",7.0,40801.0,12.0,15.91999972,0.0,0.0
1122183.0,1178.0,144721.0,"40-44","F",66.0,66017.0,17.0,24.22000015,1.0,0.0
1122189.0,1178.0,144722.0,"45-49","F",10.0,725043.0,179.0,238.4000007,5.0,3.0
1122191.0,1178.0,144722.0,"45-49","F",10.0,382776.0,97.0,132.7300007,5.0,1.0
1122192.0,1178.0,144722.0,"45-49","F",10.0,548250.0,137.0,201.6000042,5.0,1.0
1122193.0,1178.0,144722.0,"45-49","F",10.0,1358324.0,346.0,465.0799981,8.0,2.0
1122197.0,1178.0,144723.0,"45-49","F",15.0,662249.0,163.0,234.9399992,2.0,0.0
1122200.0,1178.0,144723.0,"45-49","F",15.0,559554.0,139.0,195.0799994,2.0,0.0
1122201.0,1178.0,144724.0,"45-49","F",16.0,320757.0,68.0,104.6899989,2.0,0.0
1122202.0,1178.0,144724.0,"45-49","F",16.0,906151.0,202.0,295.5499957,1.0,0.0
1122203.0,1178.0,144724.0,"45-49","F",16.0,699314.0,164.0,226.0300014,3.0,0.0
1122204.0,1178.0,144724.0,"45-49","F",16.0,850337.0,198.0,287.690003,3.0,1.0
1122205.0,1178.0,144724.0,"45-49","F",16.0,1015460.0,247.0,315.9000051,9.0,2.0
1122209.0,1178.0,144725.0,"45-49","F",18.0,890295.0,227.0,332.9899989,1.0,0.0
1122210.0,1178.0,144725.0,"45-49","F",18.0,791817.0,194.0,282.490001,4.0,2.0
1122211.0,1178.0,144725.0,"45-49","F",18.0,317601.0,76.0,115.6600008,1.0,0.0
1122212.0,1178.0,144725.0,"45-49","F",18.0,685211.0,164.0,247.3200026,4.0,3.0
1122213.0,1178.0,144726.0,"45-49","F",19.0,32781.0,7.0,11.20000017,2.0,2.0
1122216.0,1178.0,144726.0,"45-49","F",19.0,76785.0,19.0,25.45999998,3.0,0.0
1122217.0,1178.0,144726.0,"45-49","F",19.0,719083.0,206.0,299.5299983,12.0,5.0
1122223.0,1178.0,144727.0,"45-49","F",20.0,368480.0,107.0,140.4200011,5.0,4.0
1122224.0,1178.0,144727.0,"45-49","F",20.0,260945.0,73.0,100.8800011,2.0,2.0
1122225.0,1178.0,144728.0,"45-49","F",21.0,40998.0,10.0,13.35000038,1.0,0.0
1122227.0,1178.0,144728.0,"45-49","F",21.0,183293.0,53.0,73.74999964,2.0,1.0
1122232.0,1178.0,144729.0,"45-49","F",22.0,221561.0,55.0,76.75999916,1.0,0.0
1122233.0,1178.0,144729.0,"45-49","F",22.0,436943.0,109.0,145.8199974,1.0,1.0
1122240.0,1178.0,144730.0,"45-49","F",23.0,284488.0,90.0,125.2700011,1.0,1.0
1122244.0,1178.0,144731.0,"45-49","F",24.0,85083.0,32.0,38.62999976,1.0,1.0
1122246.0,1178.0,144731.0,"45-49","F",24.0,14167.0,5.0,7.139999986,1.0,0.0
1122249.0,1178.0,144732.0,"45-49","F",25.0,300637.0,84.0,116.9899981,2.0,0.0
1122253.0,1178.0,144732.0,"45-49","F",25.0,449921.0,129.0,175.9700005,5.0,1.0
1122254.0,1178.0,144732.0,"45-49","F",25.0,282899.0,71.0,105.6600007,1.0,0.0
1122257.0,1178.0,144733.0,"45-49","F",26.0,669671.0,186.0,259.1799988,4.0,1.0
1122258.0,1178.0,144733.0,"45-49","F",26.0,108655.0,28.0,46.92000186,1.0,0.0
1122260.0,1178.0,144733.0,"45-49","F",26.0,536248.0,146.0,187.7399978,3.0,0.0
1122262.0,1178.0,144734.0,"45-49","F",27.0,1055017.0,265.0,380.6599952,16.0,2.0
1122265.0,1178.0,144734.0,"45-49","F",27.0,1428421.0,367.0,541.7000023,10.0,0.0
1122266.0,1178.0,144734.0,"45-49","F",27.0,1088027.0,272.0,409.5600026,9.0,4.0
1122267.0,1178.0,144735.0,"45-49","F",28.0,288517.0,78.0,102.3900002,3.0,0.0
1122268.0,1178.0,144735.0,"45-49","F",28.0,202231.0,53.0,67.13000107,3.0,1.0
1122270.0,1178.0,144735.0,"45-49","F",28.0,73222.0,16.0,22.86000025,1.0,0.0
1122271.0,1178.0,144735.0,"45-49","F",28.0,348542.0,96.0,134.889999,2.0,0.0
1122273.0,1178.0,144736.0,"45-49","F",29.0,1097966.0,266.0,369.069997,16.0,8.0
1122274.0,1178.0,144736.0,"45-49","F",29.0,526923.0,138.0,198.0899972,2.0,1.0
1122276.0,1178.0,144736.0,"45-49","F",29.0,264386.0,66.0,91.00000054,4.0,1.0
1122277.0,1178.0,144736.0,"45-49","F",29.0,854940.0,227.0,297.9100007,8.0,3.0
1122279.0,1178.0,144737.0,"45-49","F",30.0,113567.0,34.0,50.29000044,3.0,0.0
1122282.0,1178.0,144737.0,"45-49","F",30.0,22859.0,6.0,9.419999838,1.0,0.0
1122288.0,1178.0,144738.0,"45-49","F",31.0,51754.0,13.0,20.51999998,1.0,0.0
1122290.0,1178.0,144738.0,"45-49","F",31.0,104347.0,28.0,38.13999993,4.0,3.0
1122303.0,1178.0,144741.0,"45-49","F",63.0,391998.0,97.0,142.0500025,3.0,1.0
1122304.0,1178.0,144741.0,"45-49","F",63.0,1111156.0,282.0,402.3000026,5.0,0.0
1122308.0,1178.0,144741.0,"45-49","F",63.0,427772.0,117.0,159.299999,3.0,1.0
1122310.0,1178.0,144742.0,"45-49","F",64.0,536457.0,136.0,193.6599991,2.0,1.0
1122311.0,1178.0,144742.0,"45-49","F",64.0,179894.0,43.0,66.83999872,2.0,0.0
1122312.0,1178.0,144742.0,"45-49","F",64.0,479882.0,131.0,178.6700007,6.0,0.0
1122313.0,1178.0,144742.0,"45-49","F",64.0,358261.0,91.0,130.3600011,1.0,0.0
1122316.0,1178.0,144743.0,"45-49","F",65.0,346688.0,88.0,114.8599998,2.0,0.0
1314296.0,1178.0,179863.0,"30-34","M",100.0,33445.0,2.0,3.199999928,1.0,0.0
1314297.0,1178.0,179864.0,"30-34","M",101.0,72228.0,5.0,7.529999852,4.0,4.0
1314298.0,1178.0,179865.0,"30-34","M",102.0,49699.0,2.0,2.690000057,2.0,1.0
1314299.0,1178.0,179866.0,"30-34","M",103.0,189761.0,18.0,27.32999969,4.0,1.0
1314301.0,1178.0,179868.0,"30-34","M",105.0,312524.0,37.0,53.78999972,2.0,0.0
1314303.0,1178.0,179870.0,"30-34","M",107.0,496760.0,42.0,61.00999904,10.0,3.0
1314306.0,1178.0,179873.0,"30-34","M",110.0,310988.0,34.0,46.66999936,11.0,3.0
1314307.0,1178.0,179874.0,"30-34","M",111.0,98606.0,9.0,12.10999984,1.0,0.0
1314308.0,1178.0,179875.0,"30-34","M",112.0,51104.0,2.0,3.199999928,3.0,1.0
1314309.0,1178.0,179876.0,"30-34","M",113.0,276762.0,22.0,32.09000015,5.0,1.0
1314312.0,1178.0,179879.0,"35-39","M",101.0,33534.0,2.0,2.960000038,1.0,1.0
1314313.0,1178.0,179880.0,"35-39","M",102.0,128859.0,16.0,23.69999957,1.0,0.0
1314314.0,1178.0,179881.0,"35-39","M",103.0,92080.0,12.0,16.94000018,3.0,2.0
1314316.0,1178.0,179883.0,"35-39","M",105.0,211882.0,33.0,46.64999926,3.0,1.0
1314318.0,1178.0,179885.0,"35-39","M",107.0,112776.0,9.0,12.67999995,1.0,0.0
1314319.0,1178.0,179886.0,"35-39","M",108.0,145324.0,14.0,19.82000005,2.0,1.0
1314320.0,1178.0,179887.0,"35-39","M",109.0,106492.0,14.0,21.26000023,2.0,0.0
1314321.0,1178.0,179888.0,"35-39","M",110.0,233845.0,30.0,40.73000062,3.0,0.0
1314323.0,1178.0,179890.0,"35-39","M",112.0,155426.0,17.0,25.01000023,3.0,0.0
1314324.0,1178.0,179891.0,"35-39","M",113.0,97540.0,8.0,11.5199995,2.0,1.0
1314325.0,1178.0,179892.0,"35-39","M",114.0,61441.0,5.0,7.700000048,1.0,0.0
1314326.0,1178.0,179893.0,"40-44","M",100.0,76703.0,9.0,12.14999962,3.0,1.0
1314327.0,1178.0,179894.0,"40-44","M",101.0,68619.0,10.0,14.96000034,1.0,0.0
1314330.0,1178.0,179897.0,"40-44","M",104.0,17559.0,1.0,1.49000001,1.0,1.0
1314331.0,1178.0,179898.0,"40-44","M",105.0,137879.0,19.0,28.47000003,2.0,0.0
1314332.0,1178.0,179899.0,"40-44","M",106.0,67710.0,10.0,15.14999998,1.0,0.0
1314333.0,1178.0,179900.0,"40-44","M",107.0,348180.0,41.0,60.22999907,3.0,1.0
1314334.0,1178.0,179901.0,"40-44","M",108.0,146246.0,18.0,28.71999955,3.0,1.0
1314336.0,1178.0,179903.0,"40-44","M",110.0,187236.0,24.0,34.86999965,2.0,2.0
1314337.0,1178.0,179904.0,"40-44","M",111.0,72157.0,9.0,13.50000036,1.0,1.0
1314338.0,1178.0,179905.0,"40-44","M",112.0,91180.0,10.0,13.55999994,1.0,0.0
1314339.0,1178.0,179906.0,"40-44","M",113.0,86293.0,6.0,9.259999871,1.0,1.0
1314341.0,1178.0,179908.0,"45-49","M",100.0,101410.0,12.0,17.94000006,4.0,0.0
1314343.0,1178.0,179910.0,"45-49","M",102.0,134245.0,18.0,25.75000024,2.0,1.0
1314345.0,1178.0,179912.0,"45-49","M",104.0,125650.0,20.0,30.08000076,4.0,0.0
1314346.0,1178.0,179913.0,"45-49","M",105.0,50406.0,5.0,7.26000011,1.0,1.0
1314348.0,1178.0,179915.0,"45-49","M",107.0,121769.0,13.0,18.41999996,2.0,1.0
1314349.0,1178.0,179916.0,"45-49","M",108.0,267106.0,34.0,50.5,4.0,1.0
1314350.0,1178.0,179917.0,"45-49","M",109.0,365539.0,57.0,82.13999915,5.0,2.0
1314351.0,1178.0,179918.0,"45-49","M",110.0,188758.0,25.0,36.60000038,2.0,1.0
1314353.0,1178.0,179920.0,"45-49","M",112.0,108426.0,13.0,19.58000016,1.0,0.0
1314354.0,1178.0,179921.0,"45-49","M",113.0,138525.0,9.0,13.65000045,3.0,0.0
1314355.0,1178.0,179922.0,"45-49","M",114.0,150858.0,21.0,30.26000011,1.0,0.0
1314357.0,1178.0,179924.0,"30-34","F",101.0,524306.0,81.0,113.6800029,10.0,4.0
1314358.0,1178.0,179925.0,"30-34","F",102.0,104496.0,9.0,11.42999983,3.0,2.0
1314359.0,1178.0,179926.0,"30-34","F",103.0,452519.0,68.0,99.52000237,7.0,2.0
1314360.0,1178.0,179927.0,"30-34","F",104.0,442919.0,76.0,110.7800021,21.0,2.0
1314361.0,1178.0,179928.0,"30-34","F",105.0,596831.0,86.0,120.8799992,11.0,0.0
1314362.0,1178.0,179929.0,"30-34","F",106.0,173912.0,26.0,35.54000032,2.0,1.0
1314363.0,1178.0,179930.0,"30-34","F",107.0,780967.0,86.0,119.6400018,20.0,4.0
1314364.0,1178.0,179931.0,"30-34","F",108.0,132124.0,8.0,11.18999994,4.0,0.0
1314365.0,1178.0,179932.0,"30-34","F",109.0,623137.0,100.0,138.9200006,12.0,1.0
1314366.0,1178.0,179933.0,"30-34","F",110.0,99020.0,10.0,14.48000044,4.0,1.0
1314367.0,1178.0,179934.0,"30-34","F",111.0,665817.0,117.0,163.8000002,23.0,9.0
1314368.0,1178.0,179935.0,"30-34","F",112.0,699232.0,80.0,111.9899995,12.0,3.0
1314371.0,1178.0,179938.0,"35-39","F",100.0,72982.0,11.0,15.04999995,1.0,0.0
1314372.0,1178.0,179939.0,"35-39","F",101.0,975884.0,167.0,237.3199975,14.0,3.0
1314373.0,1178.0,179940.0,"35-39","F",102.0,245607.0,33.0,47.87999952,3.0,1.0
1314377.0,1178.0,179944.0,"35-39","F",106.0,485369.0,114.0,164.6400015,3.0,0.0
1314378.0,1178.0,179945.0,"35-39","F",107.0,866355.0,139.0,200.8299961,11.0,5.0
1314379.0,1178.0,179946.0,"35-39","F",108.0,502710.0,72.0,105.2199969,8.0,2.0
1314380.0,1178.0,179947.0,"35-39","F",109.0,475184.0,88.0,127.3200028,4.0,1.0
1314381.0,1178.0,179948.0,"35-39","F",110.0,357401.0,47.0,68.67000008,8.0,1.0
1314382.0,1178.0,179949.0,"35-39","F",111.0,99810.0,14.0,20.05000019,2.0,0.0
1314383.0,1178.0,179950.0,"35-39","F",112.0,81569.0,6.0,9.409999967,3.0,1.0
1314384.0,1178.0,179951.0,"35-39","F",113.0,441192.0,53.0,77.59999979,6.0,2.0
1314385.0,1178.0,179952.0,"35-39","F",114.0,90470.0,11.0,16.73000002,1.0,1.0
1314386.0,1178.0,179953.0,"40-44","F",100.0,834243.0,166.0,246.7499975,18.0,7.0
1314387.0,1178.0,179954.0,"40-44","F",101.0,696612.0,152.0,223.1899948,31.0,9.0
1314388.0,1178.0,179955.0,"40-44","F",102.0,329333.0,48.0,67.60999918,1.0,0.0
1314389.0,1178.0,179956.0,"40-44","F",103.0,1114711.0,224.0,319.0000019,6.0,0.0
1314390.0,1178.0,179957.0,"40-44","F",104.0,267316.0,58.0,82.92999887,3.0,0.0
1314391.0,1178.0,179958.0,"40-44","F",105.0,228629.0,38.0,57.0,2.0,0.0
1314392.0,1178.0,179959.0,"40-44","F",106.0,758340.0,159.0,233.110002,13.0,4.0
1314393.0,1178.0,179960.0,"40-44","F",107.0,877535.0,149.0,217.7799966,5.0,2.0
1314394.0,1178.0,179961.0,"40-44","F",108.0,1357386.0,223.0,323.0600071,10.0,1.0
1314395.0,1178.0,179962.0,"40-44","F",109.0,280240.0,61.0,87.99000168,2.0,2.0
1314396.0,1178.0,179963.0,"40-44","F",110.0,419922.0,75.0,105.4500008,3.0,1.0
1314397.0,1178.0,179964.0,"40-44","F",111.0,402975.0,83.0,120.8999977,1.0,0.0
1314398.0,1178.0,179965.0,"40-44","F",112.0,1137635.0,211.0,301.0499992,30.0,10.0
1314400.0,1178.0,179967.0,"40-44","F",114.0,250234.0,40.0,62.31999922,4.0,1.0
1314401.0,1178.0,179968.0,"45-49","F",100.0,904907.0,195.0,279.219995,11.0,1.0
1314402.0,1178.0,179969.0,"45-49","F",101.0,589270.0,107.0,158.0500023,10.0,4.0
1314403.0,1178.0,179970.0,"45-49","F",102.0,168714.0,24.0,36.01000071,2.0,2.0
1314404.0,1178.0,179971.0,"45-49","F",103.0,71982.0,11.0,16.34000051,1.0,0.0
1314405.0,1178.0,179972.0,"45-49","F",104.0,558666.0,110.0,162.6399975,14.0,5.0
1314406.0,1178.0,179973.0,"45-49","F",105.0,1118200.0,235.0,333.7499943,11.0,4.0
1314407.0,1178.0,179974.0,"45-49","F",106.0,107100.0,23.0,33.71000051,1.0,0.0
1314408.0,1178.0,179975.0,"45-49","F",107.0,877769.0,160.0,232.5900005,13.0,4.0
1314409.0,1178.0,179976.0,"45-49","F",108.0,212508.0,33.0,47.69000006,4.0,1.0
1314410.0,1178.0,179977.0,"45-49","F",109.0,1129773.0,252.0,358.189997,13.0,2.0
1314411.0,1178.0,179978.0,"45-49","F",110.0,637549.0,120.0,173.8800035,3.0,0.0
1314412.0,1178.0,179979.0,"45-49","F",111.0,151531.0,28.0,40.28999949,2.0,0.0
1314414.0,1178.0,179981.0,"45-49","F",113.0,790253.0,135.0,198.7100005,8.0,2.0
1314415.0,1178.0,179982.0,"45-49","F",114.0,513161.0,114.0,165.6099987,5.0,2.0
